Date,Calories Burned,Steps,Distance,Floors,Minutes Sedentary,Minutes Lightly Active,Minutes Fairly Active,Minutes Very Active,Activity Calories,RHR,RHR 1 Day,RHR Change,RHR 2 Day,RHR 3 Day,RHR 4 Day,Start Time,End Time,Minutes Asleep,Minutes Awake,Number of Awakenings,Time in Bed,Minutes REM Sleep,Minutes Light Sleep,Minutes Deep Sleep
4/1/2018,"2,744","4,239",1.97,0,628,241,0,0,"1,007",58,57,-1,58,59,59,2018-03-31 10:13PM,2018-04-01 7:44AM,508,63,19,571,96,292,120
4/2/2018,"3,761","10,129",4.63,11,632,333,32,24,"2,097",57,58,1,59,59,58,2018-04-01 11:15PM,2018-04-02 6:14AM,376,43,15,419,120,177,79
4/3/2018,"3,328","8,009",3.72,0,700,287,5,8,"1,528",58,59,1,59,58,59,2018-04-02 10:13PM,2018-04-03 5:33AM,405,35,15,440,136,156,113
4/4/2018,"2,926","5,821",2.7,0,651,243,1,9,"1,133",59,59,0,58,59,61,2018-04-03 9:33PM,2018-04-04 6:29AM,483,53,19,536,125,235,123
4/5/2018,"3,249","7,763",3.6,0,608,308,7,0,"1,550",59,58,-1,59,61,61,2018-04-04 9:55PM,2018-04-05 6:33AM,465,52,23,517,105,273,87
4/6/2018,"3,055","6,942",3.22,32,738,221,1,10,"1,185",58,59,1,61,61,60,2018-04-05 10:37PM,2018-04-06 6:27AM,407,63,18,470,59,262,86
4/7/2018,"3,120","6,885",3.2,0,670,278,7,6,"1,371",59,61,2,61,60,61,2018-04-06 11:03PM,2018-04-07 7:02AM,433,46,17,479,121,236,76
4/8/2018,"2,814","5,302",2.46,0,704,228,0,0,"1,021",61,61,0,60,61,61,2018-04-07 10:17PM,2018-04-08 6:45AM,452,56,19,508,128,230,94
4/9/2018,"3,342","7,348",3.41,0,612,331,8,11,"1,675",61,60,-1,61,61,62,2018-04-08 10:12PM,2018-04-09 6:10AM,439,39,17,478,152,190,97
4/10/2018,"3,631","10,919",5.07,0,589,324,15,28,"1,925",60,61,1,61,62,60,2018-04-09 10:19PM,2018-04-10 6:24AM,424,60,15,484,122,211,91
4/11/2018,"3,586","10,964",5.09,5,532,402,3,18,"2,009",61,61,0,62,60,63,2018-04-10 10:16PM,2018-04-11 6:21AM,417,68,19,485,117,210,90
4/12/2018,"3,373","8,422",3.91,8,"1,081",349,2,8,"1,699",61,62,1,60,63,63,,,,,,,,,
4/13/2018,"3,203","8,536",3.97,24,687,249,14,16,"1,426",62,60,-2,63,63,63,2018-04-12 10:22PM,2018-04-13 6:16AM,429,45,22,474,118,212,99
4/14/2018,"2,722","3,585",1.66,1,724,173,0,0,794,60,63,3,63,63,62,2018-04-13 9:25PM,2018-04-14 6:28AM,489,54,25,543,109,276,104
4/15/2018,"2,897","4,874",2.26,1,703,220,0,0,987,63,63,0,63,62,62,2018-04-14 9:59PM,2018-04-15 6:36AM,457,60,20,517,106,253,98
4/16/2018,"3,231","7,341",3.41,6,616,303,3,8,"1,541",63,63,0,62,62,62,2018-04-15 9:54PM,2018-04-16 6:24AM,453,57,19,510,109,222,122
4/17/2018,"3,600","10,528",4.89,8,526,299,10,33,"1,922",63,62,-1,62,62,61,2018-04-16 9:16PM,2018-04-17 6:48AM,499,73,25,572,106,265,128
4/18/2018,"2,736","5,340",2.48,0,668,230,20,1,"1,149",62,62,0,62,61,60,2018-04-17 9:49PM,2018-04-18 6:30AM,461,60,19,521,111,259,91
4/19/2018,"3,032","9,740",4.52,8,609,243,5,42,"1,431",62,62,0,61,60,60,2018-04-18 9:42PM,2018-04-19 6:43AM,437,104,20,541,101,262,74
4/20/2018,"2,534","3,593",1.67,0,804,214,0,0,845,62,61,-1,60,60,60,2018-04-19 11:38PM,2018-04-20 6:40AM,382,40,23,422,77,223,82
4/21/2018,"2,808","6,247",2.9,0,736,207,35,7,"1,125",61,60,-1,60,60,60,2018-04-20 10:50PM,2018-04-21 6:25AM,409,46,22,455,54,267,88
4/22/2018,"2,617","4,353",2.02,0,767,204,0,0,860,60,60,0,60,60,61,2018-04-21 10:40PM,2018-04-22 6:29AM,393,76,17,469,75,231,87
4/23/2018,"3,300","9,492",4.41,7,566,304,14,20,"1,649",60,60,0,60,61,61,2018-04-22 9:48PM,2018-04-23 6:44AM,471,65,15,536,141,263,67
4/24/2018,"3,105","8,497",3.94,5,648,252,10,23,"1,375",60,60,0,61,61,60,2018-04-23 9:49PM,2018-04-24 6:16AM,457,50,18,507,136,200,121
4/25/2018,"3,329","9,875",4.58,0,638,322,2,19,"1,635",60,61,1,61,60,59,2018-04-24 10:01PM,2018-04-25 5:40AM,398,61,12,459,112,181,105
4/26/2018,"3,107","8,643",4.01,7,681,307,0,0,"1,420",61,61,0,60,59,59,2018-04-25 10:39PM,2018-04-26 6:11AM,393,59,18,452,63,235,95
4/27/2018,"3,215","10,173",4.72,4,666,241,35,18,"1,525",61,60,-1,59,59,59,2018-04-26 10:07PM,2018-04-27 6:07AM,425,55,28,480,82,235,108
4/28/2018,"2,607","4,504",2.09,3,722,185,0,0,825,60,59,-1,59,59,60,2018-04-27 11:17PM,2018-04-28 6:46AM,387,62,31,449,82,214,91
4/29/2018,"2,753","4,572",2.12,7,677,183,0,0,853,59,59,0,59,60,62,2018-04-28 9:24PM,2018-04-29 7:04AM,483,97,27,580,42,356,85
4/30/2018,"2,828","7,242",3.36,7,676,184,10,25,"1,086",59,59,0,60,62,61,2018-04-29 9:50PM,2018-04-30 6:55AM,481,64,28,545,110,275,96
5/1/2018,"3,061","7,217",3.35,3,758,202,9,25,"1,221",59,60,1,62,61,59,2018-04-30 11:12PM,2018-05-01 6:39AM,396,50,23,446,100,228,68
5/2/2018,"3,139","9,481",4.4,6,682,180,3,46,"1,302",60,62,2,61,59,59,2018-05-01 10:03PM,2018-05-02 6:52AM,451,78,22,529,71,306,74
5/3/2018,"3,258","10,014",4.65,3,673,267,12,29,"1,583",62,61,-1,59,59,58,2018-05-02 10:39PM,2018-05-03 6:18AM,414,45,21,459,75,233,106
5/4/2018,"3,566","12,666",5.88,3,610,231,37,59,"1,935",61,59,-2,59,58,59,2018-05-03 9:47PM,2018-05-04 6:10AM,453,50,21,503,95,244,114
5/5/2018,"2,528","2,497",1.16,0,719,165,0,0,680,59,59,0,58,59,58,2018-05-04 10:26PM,2018-05-05 7:42AM,479,77,22,556,123,239,117
5/6/2018,"3,147","8,220",3.82,5,688,212,9,41,"1,380",59,58,-1,59,58,59,2018-05-05 9:55PM,2018-05-06 6:06AM,447,43,18,490,123,220,104
5/7/2018,"3,221","6,822",3.17,1,662,250,21,19,"1,470",58,59,1,58,59,60,2018-05-06 10:13PM,2018-05-07 6:21AM,398,90,13,488,106,198,94
5/8/2018,"3,180","7,223",3.35,0,703,277,11,10,"1,449",59,58,-1,59,60,60,2018-05-07 10:44PM,2018-05-08 6:03AM,391,48,20,439,100,176,115
5/9/2018,"2,807","4,746",2.2,0,816,182,2,10,926,58,59,1,60,60,59,2018-05-08 10:58PM,2018-05-09 6:08AM,372,58,14,430,77,202,93
5/10/2018,"3,165","7,047",3.27,13,700,219,20,19,"1,357",59,60,1,60,59,59,2018-05-09 10:14PM,2018-05-10 6:16AM,441,41,19,482,110,249,82
5/11/2018,"2,876","6,084",2.82,18,745,172,8,17,"1,029",60,60,0,59,59,59,2018-05-10 10:12PM,2018-05-11 6:31AM,439,59,22,498,65,264,110
5/12/2018,"2,875","6,764",3.14,4,809,208,7,16,"1,134",60,59,-1,59,59,58,2018-05-12 10:51PM,2018-05-13 6:01AM,383,47,17,430,107,191,85
5/13/2018,"2,622","3,288",1.53,1,754,169,0,0,772,59,59,0,59,58,57,2018-05-12 12:22AM,2018-05-12 7:02AM,365,35,11,400,97,191,77
5/14/2018,"3,414","8,662",4.02,0,620,261,22,32,"1,728",59,59,0,58,57,57,2018-05-13 10:15PM,2018-05-14 6:40AM,397,108,19,505,114,200,83
5/15/2018,"3,032","6,079",2.82,2,632,264,2,9,"1,257",59,58,-1,57,57,58,2018-05-14 9:29PM,2018-05-15 6:22AM,482,51,19,533,139,249,94
5/16/2018,"3,247","8,123",3.77,4,732,214,26,32,"1,486",58,57,-1,57,58,60,2018-05-15 11:17PM,2018-05-16 6:33AM,386,50,17,436,122,193,71
5/17/2018,"3,212","7,654",3.55,4,707,256,8,12,"1,452",57,57,0,58,60,59,2018-05-16 11:00PM,2018-05-17 6:37AM,425,32,17,457,131,182,112
5/18/2018,"3,549","11,158",5.18,11,623,219,26,54,"1,776",57,58,1,60,59,58,2018-05-17 9:52PM,2018-05-18 6:30AM,469,49,16,518,94,254,121
5/19/2018,"3,328","9,549",4.43,0,633,296,24,8,"1,669",58,60,2,59,58,60,2018-05-18 10:43PM,2018-05-19 6:42AM,438,41,27,479,128,214,96
5/20/2018,"2,853","5,149",2.39,0,799,231,0,0,"1,048",60,59,-1,58,60,59,2018-05-19 11:06PM,2018-05-20 5:56AM,378,32,22,410,41,269,68
5/21/2018,"3,086","7,496",3.48,4,745,208,5,21,"1,259",59,58,-1,60,59,60,2018-05-20 10:24PM,2018-05-21 6:05AM,426,35,24,461,73,257,96
5/22/2018,"4,156","18,362",8.52,9,585,238,45,98,"2,528",58,60,2,59,60,60,2018-05-21 10:40PM,2018-05-22 6:34AM,411,63,23,474,115,197,99
5/23/2018,"3,426","11,337",5.26,8,690,191,16,59,"1,619",60,59,-1,60,60,60,2018-05-22 10:13PM,2018-05-23 6:17AM,448,36,29,484,123,220,105
5/24/2018,"3,590","10,647",4.94,5,704,294,28,16,"1,841",59,60,1,60,60,59,2018-05-23 11:38PM,2018-05-24 6:17AM,353,45,18,398,104,153,96
5/25/2018,"3,649","13,395",6.22,12,659,273,22,53,"1,974",60,60,0,60,59,61,2018-05-24 11:11PM,2018-05-25 6:24AM,385,48,19,433,81,184,120
5/26/2018,"2,688","4,685",2.17,2,815,180,3,8,856,60,60,0,59,61,60,2018-05-26 12:36AM,2018-05-26 6:34AM,302,56,6,358,83,158,61
5/27/2018,"2,723","4,202",1.95,2,711,208,0,0,908,60,59,-1,61,60,62,2018-05-26 9:56PM,2018-05-27 6:37AM,483,38,21,521,134,257,92
5/28/2018,"3,421","7,438",3.45,0,704,312,16,16,"1,722",59,61,2,60,62,63,2018-05-27 11:48PM,2018-05-28 6:21AM,351,41,13,392,103,156,92
5/29/2018,"3,201","9,306",4.32,1,683,233,25,27,"1,474",61,60,-1,62,63,63,2018-05-28 10:46PM,2018-05-29 6:38AM,412,60,21,472,78,243,91
5/30/2018,"3,896","13,521",6.28,4,546,357,22,40,"2,320",60,62,2,63,63,62,2018-05-29 10:27PM,2018-05-30 6:22AM,441,34,26,475,105,226,110
5/31/2018,"3,371","7,638",3.55,5,607,322,0,0,"1,628",62,63,1,63,62,62,2018-05-30 10:03PM,2018-05-31 6:35AM,453,58,18,511,101,247,105
6/1/2018,"3,198","6,944",3.22,3,710,271,8,13,"1,452",63,63,0,62,62,62,2018-05-31 11:26PM,2018-06-01 6:44AM,386,52,12,438,92,212,82
6/2/2018,"3,321","7,585",3.52,0,625,344,0,0,"1,680",63,62,-1,62,62,63,2018-06-01 10:33PM,2018-06-02 6:25AM,402,69,18,471,88,220,94
6/3/2018,"3,157","7,573",3.52,6,689,229,8,20,"1,357",62,62,0,62,63,63,2018-06-02 9:52PM,2018-06-03 6:06AM,443,51,16,494,112,222,109
6/4/2018,"2,011",57,0.03,0,964,6,0,0,21,62,62,0,63,63,64,2018-06-03 10:23PM,2018-06-04 6:14AM,389,81,14,470,106,214,69
6/5/2018,"4,126","13,545",6.29,5,468,466,16,15,"2,654",62,63,1,63,64,,2018-06-04 10:48PM,2018-06-05 6:43AM,419,56,15,475,102,208,109
6/6/2018,"5,267","17,887",8.3,7,268,371,183,75,"3,988",63,63,0,64,,,2018-06-05 10:34PM,2018-06-06 6:12AM,406,52,22,458,74,215,117
6/7/2018,"3,811","9,817",4.56,8,718,221,56,46,"2,018",63,64,1,,,,2018-06-06 10:35PM,2018-06-07 6:39AM,463,21,2,484,,,
6/8/2018,"3,400","9,575",4.44,16,471,352,6,2,"1,779",64,,,,,,2018-06-07 10:33PM,2018-06-08 6:54AM,434,66,20,500,67,262,105
6/9/2018,"3,265","8,591",3.99,14,,,,,,,,,,,,,,,,,,,,
6/10/2018,"2,731","4,562",2.12,7,,,,,,,,,,,,,,,,,,,,
6/11/2018,"3,117","7,825",3.63,8,,,,,,,,,,,63,,,,,,,,,
6/12/2018,"2,071",366,0.17,1,,,,,,,,,,63,62,,,,,,,,,
6/13/2018,"3,044","6,218",2.89,6,,,,,,,,,63,62,60,,,,,,,,,
6/14/2018,"2,898","5,711",2.65,11,,,,,,,63,,62,60,59,,,,,,,,,
6/15/2018,"2,811","5,088",2.36,12,,,,,,63,62,-1,60,59,58,,,,,,,,,
6/16/2018,"2,971","6,077",2.82,10,,,,,,62,60,-2,59,58,57,,,,,,,,,
6/17/2018,"2,851","5,460",2.53,5,,,,,,60,59,-1,58,57,55,,,,,,,,,
6/18/2018,"2,819","5,745",2.67,20,,,,,,59,58,-1,57,55,56,,,,,,,,,
6/19/2018,"2,384","2,590",1.2,4,,,,,,58,57,-1,55,56,56,,,,,,,,,
6/20/2018,"2,732","4,156",1.93,8,,,,,,57,55,-2,56,56,56,,,,,,,,,
6/21/2018,"2,813","5,685",2.64,6,,,,,,55,56,1,56,56,56,,,,,,,,,
6/22/2018,"2,749","4,953",2.3,13,"1,264",121,0,0,578,56,56,0,56,56,56,,,,,,,,,
6/23/2018,"2,871","6,307",2.93,8,744,240,0,0,"1,117",56,56,0,56,56,57,2018-06-22 11:04PM,2018-06-23 6:52AM,447,20,2,467,,,
6/24/2018,"2,682","4,143",1.92,6,703,205,0,0,895,56,56,0,56,57,59,2018-06-23 11:15PM,2018-06-24 6:23AM,414,13,1,427,,,
6/25/2018,"3,008","5,836",2.71,9,746,265,6,1,"1,257",56,56,0,57,59,58,2018-06-24 9:31PM,2018-06-25 5:44AM,481,12,1,493,,,
6/26/2018,"3,029","6,377",2.96,16,765,285,0,0,"1,300",56,57,1,59,58,58,2018-06-25 10:41PM,2018-06-26 6:30AM,456,12,1,468,,,
6/27/2018,"2,974","5,791",2.69,9,691,232,18,3,"1,225",57,59,2,58,58,57,2018-06-26 10:24PM,2018-06-27 6:40AM,455,41,15,496,116,176,163
6/28/2018,"3,023","5,925",2.75,12,610,280,0,0,"1,266",59,58,-1,58,57,59,2018-06-27 10:51PM,2018-06-28 7:04AM,458,35,16,493,131,225,102
6/29/2018,"2,749","4,501",2.09,8,786,210,0,0,928,58,58,0,57,59,59,2018-06-28 11:03PM,2018-06-29 7:24AM,472,26,4,501,,,
6/30/2018,"2,824","5,267",2.44,5,766,206,4,5,"1,011",58,57,-1,59,59,61,2018-06-29 11:13PM,2018-06-30 6:52AM,405,54,18,459,81,205,119
7/1/2018,"2,977","5,228",2.43,7,629,216,4,7,"1,120",57,59,2,59,61,61,2018-06-30 9:44PM,2018-07-01 7:28AM,524,60,26,584,136,281,107
7/2/2018,"2,846","4,579",2.13,9,772,212,0,0,974,59,59,0,61,61,60,2018-07-01 11:02PM,2018-07-02 6:38AM,414,42,20,456,95,235,84
7/3/2018,"3,459","10,356",4.81,11,472,287,10,18,"1,714",59,61,2,61,60,59,2018-07-02 8:34PM,2018-07-03 5:46AM,473,79,18,552,96,311,66
7/4/2018,"2,996","6,896",3.2,7,565,293,0,0,"1,319",61,61,0,60,59,60,2018-07-03 9:57PM,2018-07-04 6:22AM,462,43,26,505,81,251,130
7/5/2018,"3,266","9,012",4.18,13,"1,133",262,17,28,"1,596",61,60,-1,59,60,60,,,,,,,,,
7/6/2018,"2,771","4,631",2.15,11,733,210,0,0,943,60,59,-1,60,60,60,2018-07-05 10:35PM,2018-07-06 6:53AM,441,56,23,497,75,261,105
7/7/2018,"3,269","7,551",3.5,8,674,239,25,16,"1,469",59,60,1,60,60,60,2018-07-06 11:02PM,2018-07-07 7:08AM,442,44,24,486,102,215,125
7/8/2018,"2,926","5,679",2.64,9,703,238,0,0,"1,106",60,60,0,60,60,59,2018-07-08 11:25PM,2018-07-09 7:34AM,440,49,16,489,115,249,76
7/9/2018,"2,829","4,856",2.25,15,772,166,4,9,890,60,60,0,60,59,61,2018-07-08 12:09AM,2018-07-08 8:28AM,442,57,22,499,72,259,111
7/10/2018,"3,008","6,091",2.83,7,758,252,7,3,"1,228",60,60,0,59,61,59,2018-07-10 11:08PM,2018-07-11 7:42AM,458,56,17,514,102,263,93
7/11/2018,"3,237","7,723",3.58,11,667,228,24,7,"1,392",60,59,-1,61,59,60,2018-07-10 12:12AM,2018-07-10 7:12AM,369,51,18,420,47,243,79
7/12/2018,"2,704","3,275",1.52,8,840,167,0,0,798,59,61,2,59,60,61,2018-07-12 10:23PM,2018-07-13 7:36AM,429,124,20,553,70,267,92
7/13/2018,"2,942","5,604",2.59,12,715,228,3,12,"1,181",61,59,-2,60,61,62,2018-07-12 12:29AM,2018-07-12 6:29AM,322,38,10,360,118,142,62
7/14/2018,"3,125","4,576",2.09,11,659,221,5,18,"1,257",59,60,1,61,62,62,2018-07-13 9:52PM,2018-07-14 6:49AM,469,68,18,537,107,285,77
7/15/2018,"3,173","4,733",2.18,6,768,193,3,22,"1,265",60,61,1,62,62,62,2018-07-15 10:10PM,2018-07-16 7:36AM,495,71,25,566,106,266,123
7/16/2018,"3,960","10,207",4.68,9,530,246,10,88,"2,248",61,62,1,62,62,62,2018-07-15 12:02AM,2018-07-15 7:36AM,382,72,20,454,89,215,78
7/17/2018,"3,590","10,240",4.73,11,664,267,9,56,"1,898",62,62,0,62,62,60,2018-07-16 10:44PM,2018-07-17 6:08AM,387,57,22,444,73,243,71
7/18/2018,"3,604","5,281",2.4,3,639,253,8,48,"1,824",62,62,0,62,60,60,2018-07-17 10:11PM,2018-07-18 6:23AM,444,48,17,492,138,189,117
7/19/2018,"3,275","5,589",2.57,9,668,233,3,26,"1,477",62,62,0,60,60,59,2018-07-18 10:59PM,2018-07-19 7:29AM,432,78,24,510,89,230,113
7/20/2018,"3,498","11,411",5.3,4,583,211,47,45,"1,824",62,60,-2,60,59,59,2018-07-19 10:46PM,2018-07-20 8:00AM,492,62,26,554,107,271,114
7/21/2018,"3,569","7,179",3.3,4,619,282,12,37,"1,916",60,60,0,59,59,59,2018-07-20 11:03PM,2018-07-21 7:14AM,444,46,19,490,106,250,88
7/22/2018,"2,803","4,077",1.89,3,690,160,5,11,941,60,59,-1,59,59,58,2018-07-21 9:53PM,2018-07-22 7:27AM,520,54,20,574,117,295,108
7/23/2018,"3,294","4,108",1.88,10,814,235,4,29,"1,489",59,59,0,59,58,58,2018-07-23 1:19AM,2018-07-23 7:17AM,321,37,18,358,92,153,76
7/24/2018,"2,961","5,516",2.52,7,720,250,6,11,"1,258",59,59,0,58,58,57,2018-07-23 11:51PM,2018-07-24 7:25AM,408,45,18,453,112,224,72
7/25/2018,"2,954","5,660",2.63,10,717,250,5,4,"1,292",59,58,-1,58,57,56,2018-07-24 11:42PM,2018-07-25 7:26AM,408,56,17,464,77,236,95
7/26/2018,"2,741","4,777",2.22,8,788,217,10,0,"1,024",58,58,0,57,56,57,2018-07-26 11:41PM,2018-07-27 8:01AM,451,48,18,499,105,276,70
7/27/2018,"2,577","4,595",2.13,6,756,176,8,1,820,58,57,-1,56,57,58,2018-07-26 12:00AM,2018-07-26 7:05AM,374,51,15,425,68,228,78
7/28/2018,"2,726","4,212",1.96,9,843,234,0,0,"1,033",57,56,-1,57,58,58,2018-07-28 10:36PM,2018-07-29 7:48AM,483,69,21,552,115,225,143
7/29/2018,"2,668","4,146",1.92,7,695,193,0,0,876,56,57,1,58,58,59,2018-07-28 12:08AM,2018-07-28 6:12AM,314,49,14,363,60,184,70
7/30/2018,"3,888","15,118",7.02,44,404,281,70,69,"2,414",57,58,1,58,59,60,2018-07-29 10:26PM,2018-07-30 6:35AM,413,75,22,488,97,216,100
7/31/2018,"3,788","15,347",7.12,39,485,339,49,42,"2,336",58,58,0,59,60,60,2018-07-30 9:52PM,2018-07-31 6:41AM,488,41,3,529,,,
8/1/2018,"4,202","15,833",7.35,55,425,278,98,80,"2,792",58,59,1,60,60,59,2018-07-31 9:56PM,2018-08-01 6:33AM,467,50,4,517,,,
8/2/2018,"3,900","15,997",7.43,38,558,341,52,55,"2,468",59,60,1,60,59,58,2018-08-01 10:14PM,2018-08-02 7:14AM,500,40,3,540,,,
8/3/2018,"3,830","15,698",7.29,44,403,335,50,49,"2,374",60,60,0,59,58,56,2018-08-02 9:29PM,2018-08-03 7:33AM,530,73,28,603,141,260,129
8/4/2018,"3,127","8,406",3.9,18,584,197,50,36,"1,518",60,59,-1,58,56,56,2018-08-03 9:34PM,2018-08-04 7:07AM,463,110,25,573,73,272,118
8/5/2018,"2,430","3,955",1.84,7,739,166,0,0,719,59,58,-1,56,56,57,2018-08-04 10:10PM,2018-08-05 7:05AM,458,77,15,535,130,227,101
8/6/2018,"2,548","4,954",2.3,9,783,215,0,0,890,58,56,-2,56,57,57,2018-08-05 11:15PM,2018-08-06 6:37AM,391,51,13,442,109,185,97
8/7/2018,"2,422","3,663",1.7,7,974,163,0,0,676,56,56,0,57,57,58,2018-08-07 10:22PM,2018-08-08 7:00AM,468,50,25,518,85,309,74
8/8/2018,"2,876","7,720",3.58,6,720,138,31,33,"1,152",56,57,1,57,58,59,2018-08-07 12:12AM,2018-08-07 5:15AM,281,22,13,303,51,174,56
8/9/2018,"2,611","3,922",1.82,10,707,195,0,0,859,57,57,0,58,59,59,2018-08-08 10:53PM,2018-08-09 7:51AM,469,69,18,538,98,243,128
8/10/2018,"2,658","4,668",2.17,8,748,213,0,0,910,57,58,1,59,59,60,2018-08-09 11:35PM,2018-08-10 7:35AM,435,44,24,479,109,219,107
8/11/2018,"2,596","4,453",2.07,9,732,202,0,0,881,58,59,1,59,60,60,2018-08-10 10:44PM,2018-08-11 7:10AM,456,50,28,506,101,234,121
8/12/2018,"2,904","6,271",2.91,11,695,251,9,1,"1,234",59,59,0,60,60,60,2018-08-11 11:01PM,2018-08-12 8:26AM,446,119,21,565,92,203,81
8/13/2018,"2,841","5,561",2.58,5,703,228,8,2,"1,095",59,60,1,60,60,60,2018-08-12 11:29PM,2018-08-13 7:48AM,458,41,20,499,81,294,83
8/14/2018,"3,098","9,075",4.21,11,730,201,22,33,"1,437",60,60,0,60,60,60,2018-08-14 12:11AM,2018-08-14 7:45AM,409,45,22,454,73,242,94
8/15/2018,"2,854","6,351",2.95,12,705,288,0,0,"1,253",60,60,0,60,60,59,2018-08-15 11:32PM,2018-08-16 7:50AM,447,51,19,498,94,222,131
8/16/2018,"2,684","4,587",2.13,5,690,252,0,0,"1,031",60,60,0,60,59,59,2018-08-15 12:24AM,2018-08-15 7:52AM,401,46,21,447,87,217,97
8/17/2018,"2,920","5,374",2.49,12,702,252,0,0,"1,158",60,60,0,59,59,60,2018-08-16 11:48PM,2018-08-17 7:54AM,420,66,16,486,89,269,62
8/18/2018,"2,985","8,036",3.73,9,607,271,24,4,"1,385",60,59,-1,59,60,60,2018-08-17 11:36PM,2018-08-18 8:31AM,483,51,27,534,117,217,149
8/19/2018,"2,851","6,750",3.13,6,709,263,2,11,"1,251",59,59,0,60,60,58,2018-08-18 11:00PM,2018-08-19 6:35AM,385,70,14,455,70,215,100
8/20/2018,"2,813","5,781",2.68,10,708,213,4,7,"1,110",59,60,1,60,58,57,2018-08-19 10:36PM,2018-08-20 8:34AM,454,143,21,597,85,273,96
8/21/2018,"3,365","9,952",4.62,12,617,321,0,0,"1,708",60,60,0,58,57,56,2018-08-20 9:48PM,2018-08-21 6:10AM,450,52,18,502,112,220,118
8/22/2018,"2,556","5,010",2.33,6,"1,033",186,0,0,826,60,58,-2,57,56,58,2018-08-22 6:19AM,2018-08-22 10:00AM,169,52,7,221,17,108,44
8/23/2018,"2,831","6,867",3.22,15,684,267,0,0,"1,209",58,57,-1,56,58,58,2018-08-23 1:21AM,2018-08-23 7:56AM,356,39,13,395,72,193,91
8/24/2018,"2,632","5,430",2.52,10,662,214,0,0,931,57,56,-1,58,58,59,2018-08-23 11:00PM,2018-08-24 8:24AM,467,97,19,564,105,278,84
8/25/2018,"2,756","5,036",2.34,12,593,235,0,0,"1,069",56,58,2,58,59,56,2018-08-24 10:55PM,2018-08-25 8:02AM,482,65,22,547,105,283,94
8/26/2018,"1,866",,,,,,,,,58,58,0,59,56,58,2018-08-25 10:55PM,2018-08-26 1:02AM,122,5,0,127,,,
8/27/2018,"2,569","3,913",1.82,8,"1,257",183,0,0,793,58,59,1,56,58,59,,,,,,,,,
8/28/2018,"2,742","5,661",2.63,12,752,207,0,0,"1,037",59,56,-3,58,59,59,2018-08-27 10:19PM,2018-08-28 6:20AM,391,90,13,481,71,179,141
8/29/2018,"2,919","6,462",3,5,691,229,0,0,"1,181",56,58,2,59,59,60,2018-08-28 11:06PM,2018-08-29 7:47AM,425,95,21,520,85,240,100
8/30/2018,"2,696","4,998",2.32,7,720,181,8,3,941,58,59,1,59,60,58,2018-08-29 10:35PM,2018-08-30 7:24AM,466,62,20,528,133,195,138
8/31/2018,"2,707","5,351",2.48,5,679,207,6,6,"1,027",59,59,0,60,58,60,2018-08-30 10:24PM,2018-08-31 7:26AM,491,51,22,542,120,251,120
9/1/2018,"2,770","5,592",2.6,7,748,236,0,0,"1,108",59,60,1,58,60,60,2018-08-31 10:46PM,2018-09-01 6:22AM,374,82,17,456,108,170,96
9/2/2018,"2,527","4,577",2.12,9,646,197,0,0,844,60,58,-2,60,60,61,2018-09-01 9:31PM,2018-09-02 6:14AM,466,57,25,523,126,228,112
9/3/2018,"2,829","5,906",2.74,9,754,222,0,0,"1,052",58,60,2,60,61,60,2018-09-03 10:29PM,2018-09-04 6:15AM,422,44,25,466,90,271,61
9/4/2018,"2,954","7,211",3.35,8,730,244,0,0,"1,224",60,60,0,61,60,59,2018-09-03 12:01AM,2018-09-03 7:45AM,409,55,19,464,97,220,92
9/5/2018,"3,228","9,062",4.21,18,753,301,16,13,"1,620",60,61,1,60,59,60,2018-09-05 12:10AM,2018-09-05 6:07AM,328,29,21,357,60,201,67
9/6/2018,"3,240","8,953",4.16,15,636,333,0,0,"1,624",61,60,-1,59,60,60,2018-09-05 9:59PM,2018-09-06 5:50AM,424,47,17,471,77,257,90
9/7/2018,"3,024","7,067",3.28,7,622,247,10,2,"1,314",60,59,-1,60,60,60,2018-09-06 9:55PM,2018-09-07 7:14AM,501,58,19,559,126,223,152
9/8/2018,"3,550","9,482",4.4,19,597,348,0,0,"1,829",59,60,1,60,60,59,2018-09-07 10:25PM,2018-09-08 6:40AM,462,33,21,495,131,230,101
9/9/2018,"3,098","6,048",2.81,14,839,205,4,4,"1,214",60,60,0,60,59,59,2018-09-08 11:51PM,2018-09-09 6:19AM,355,33,13,388,98,169,88
9/10/2018,"3,464","10,844",5.03,15,644,248,14,44,"1,749",60,60,0,59,59,58,2018-09-09 10:54PM,2018-09-10 7:04AM,439,51,18,490,96,250,93
9/11/2018,"2,969","5,927",2.75,10,812,196,7,13,"1,128",60,59,-1,59,58,59,2018-09-10 11:25PM,2018-09-11 6:18AM,378,34,17,412,66,224,88
9/12/2018,"3,160","7,235",3.36,11,650,272,4,10,"1,425",59,59,0,58,59,60,2018-09-11 10:23PM,2018-09-12 6:47AM,455,49,19,504,142,203,110
9/13/2018,"3,387","10,020",4.65,11,657,251,7,44,"1,660",59,58,-1,59,60,59,2018-09-12 11:23PM,2018-09-13 7:24AM,428,53,30,481,77,240,111
9/14/2018,"3,757","10,639",4.94,11,611,237,40,52,"2,011",58,59,1,60,59,58,2018-09-13 10:47PM,2018-09-14 7:07AM,434,66,23,500,68,265,101
9/15/2018,"3,329","8,992",4.17,16,705,289,16,9,"1,660",59,60,1,59,58,58,2018-09-14 11:31PM,2018-09-15 6:32AM,373,48,18,421,89,202,82
9/16/2018,"3,147","7,136",3.31,11,"1,228",200,6,6,"1,312",60,59,-1,58,58,60,,,,,,,,,
9/17/2018,"3,528","10,387",4.82,11,590,276,1,40,"1,837",59,58,-1,58,60,59,2018-09-16 9:52PM,2018-09-17 6:45AM,467,66,26,533,92,267,108
9/18/2018,"3,152","7,159",3.32,12,657,273,8,3,"1,428",58,58,0,60,59,59,2018-09-17 9:57PM,2018-09-18 6:16AM,430,69,18,499,90,233,107
9/19/2018,"3,976","12,915",5.96,24,573,306,18,59,"2,325",58,60,2,59,59,,2018-09-18 11:32PM,2018-09-19 7:36AM,441,43,19,484,111,209,121
9/20/2018,"3,610","10,387",4.75,20,616,233,17,53,"1,862",60,59,-1,59,,59,2018-09-19 11:02PM,2018-09-20 7:43AM,447,74,17,521,76,295,76
9/21/2018,"2,846","4,888",2.27,8,790,201,0,0,964,59,59,0,,59,58,2018-09-20 11:16PM,2018-09-21 6:45AM,410,39,18,449,93,208,109
9/22/2018,"3,116","6,559",3.04,14,644,238,15,2,"1,315",59,,,59,58,57,2018-09-21 10:34PM,2018-09-22 7:35AM,493,48,27,541,86,288,119
9/23/2018,"1,998",,,,,,,,,,59,,58,57,58,,,,,,,,,
9/24/2018,"3,532","10,225",4.75,7,"1,131",234,42,33,"1,856",59,58,-1,57,58,59,,,,,,,,,
9/25/2018,"3,333","10,436",4.84,8,646,235,3,35,"1,589",58,57,-1,58,59,59,2018-09-24 9:49PM,2018-09-25 6:30AM,448,73,17,521,102,250,96
9/26/2018,"3,640","10,659",4.95,9,593,298,13,36,"1,969",57,58,1,59,59,59,2018-09-25 10:22PM,2018-09-26 6:42AM,467,33,24,500,115,246,106
9/27/2018,"3,720","11,056",5.13,12,591,320,9,32,"2,065",58,59,1,59,59,59,2018-09-26 11:29PM,2018-09-27 7:37AM,429,59,20,488,101,223,105
9/28/2018,"3,191","7,345",3.41,9,722,262,15,10,"1,467",59,59,0,59,59,59,2018-09-27 11:49PM,2018-09-28 7:00AM,380,51,17,431,88,212,80
9/29/2018,"3,474","10,309",4.79,12,670,235,19,44,"1,782",59,59,0,59,59,61,2018-09-28 11:06PM,2018-09-29 6:58AM,436,36,21,472,79,238,119
9/30/2018,"3,176","6,372",2.96,8,622,248,0,0,"1,358",59,59,0,59,61,61,2018-09-29 10:47PM,2018-09-30 8:17AM,504,66,27,570,120,297,87
10/1/2018,"3,801","12,458",5.82,9,658,248,22,56,"2,084",59,59,0,61,61,59,2018-09-30 11:33PM,2018-10-01 7:09AM,414,42,20,456,124,204,86
10/2/2018,"3,230","7,068",3.28,5,724,210,2,12,"1,338",59,61,2,61,59,59,2018-10-01 11:29PM,2018-10-02 6:23AM,344,70,14,414,117,146,81
10/3/2018,"3,792","10,694",4.96,8,585,243,28,64,"2,104",61,61,0,59,59,59,2018-10-02 10:25PM,2018-10-03 7:05AM,438,82,18,520,82,271,85
10/4/2018,"3,494","10,195",4.73,13,580,290,13,29,"1,823",61,59,-2,59,59,59,2018-10-03 10:46PM,2018-10-04 7:34AM,454,74,20,528,55,312,87
10/5/2018,"4,372","13,152",6.1,17,479,368,82,47,"2,922",59,59,0,59,59,59,2018-10-04 11:02PM,2018-10-05 6:46AM,413,51,23,464,60,296,57
10/6/2018,"3,305","7,848",3.64,18,769,308,12,7,"1,661",59,59,0,59,59,59,2018-10-06 1:10AM,2018-10-06 8:31AM,301,140,15,441,7,145,13
10/7/2018,"2,426","2,326",1.08,4,"1,327",113,0,0,529,59,59,0,59,59,59,,,,,,,,,
10/8/2018,"3,666","10,080",4.68,10,573,302,14,40,"2,029",59,59,0,59,59,59,2018-10-07 9:40PM,2018-10-08 6:11AM,464,47,24,511,82,260,122
10/9/2018,"3,187","5,566",2.58,12,705,211,36,7,"1,396",59,59,0,59,59,61,2018-10-08 10:22PM,2018-10-09 6:23AM,415,66,17,481,79,264,72
10/10/2018,"3,175","5,910",2.74,8,668,269,0,0,"1,379",59,59,0,59,61,64,2018-10-09 11:43PM,2018-10-10 8:06AM,442,61,16,503,132,187,123
10/11/2018,"3,440","8,401",3.9,14,532,234,30,37,"1,703",59,59,0,61,64,63,2018-10-10 10:29PM,2018-10-11 8:36AM,518,89,19,607,101,304,113
10/12/2018,"3,329","5,690",2.64,14,685,251,23,12,"1,524",59,61,2,64,63,63,2018-10-11 11:23PM,2018-10-12 7:13AM,408,61,23,469,64,253,91
10/13/2018,"2,974","3,146",1.46,10,847,172,0,0,906,61,64,3,63,63,63,2018-10-12 11:55PM,2018-10-13 8:15AM,359,140,17,499,42,136,27
10/14/2018,"3,100","5,042",2.34,8,588,249,12,2,"1,296",64,63,-1,63,63,62,2018-10-13 10:41PM,2018-10-14 8:31AM,525,64,26,589,116,301,108
10/15/2018,"3,076","5,568",2.58,15,698,242,9,5,"1,293",63,63,0,63,62,61,2018-10-14 11:32PM,2018-10-15 7:38AM,445,41,20,486,104,221,120
10/16/2018,"3,632","9,052",4.2,8,674,240,57,27,"1,908",63,63,0,62,61,62,2018-10-15 11:31PM,2018-10-16 6:53AM,381,61,22,442,70,216,95
10/17/2018,"3,582","9,218",4.28,14,721,268,52,17,"1,933",63,62,-1,61,62,62,2018-10-16 11:46PM,2018-10-17 6:08AM,339,43,19,382,75,178,86
10/18/2018,"3,351","6,429",2.98,6,654,195,56,31,"1,616",62,61,-1,62,62,60,2018-10-18 11:26PM,2018-10-19 7:59AM,420,93,21,513,104,237,79
10/19/2018,"3,115","5,579",2.59,3,715,177,23,12,"1,194",61,62,1,62,60,61,2018-10-18 12:05AM,2018-10-18 8:29AM,460,44,20,504,139,199,122
10/20/2018,"3,115","6,193",2.87,10,554,261,6,4,"1,361",62,62,0,60,61,62,2018-10-19 9:51PM,2018-10-20 8:06AM,558,57,30,615,119,350,89
10/21/2018,"3,001","5,082",2.36,15,638,229,4,8,"1,183",62,60,-2,61,62,62,2018-10-20 10:40PM,2018-10-21 8:01AM,475,86,23,561,124,236,115
10/22/2018,"3,431","6,475",3.01,8,646,210,47,17,"1,607",60,61,1,62,62,62,2018-10-21 10:31PM,2018-10-22 7:11AM,463,57,23,520,114,236,113
10/23/2018,"3,473","7,914",3.67,15,682,213,41,25,"1,682",61,62,1,62,62,61,2018-10-22 10:20PM,2018-10-23 6:19AM,401,78,21,479,86,231,84
10/24/2018,"3,487","7,377",3.42,9,547,259,53,15,"1,823",62,62,0,62,61,59,2018-10-23 10:04PM,2018-10-24 7:31AM,502,64,23,566,121,267,114
10/25/2018,"3,483","7,722",3.58,6,653,192,65,43,"1,804",62,62,0,61,59,58,2018-10-24 10:57PM,2018-10-25 7:04AM,434,53,23,487,80,256,98
10/26/2018,"2,924","5,065",2.35,7,643,200,21,2,"1,134",62,61,-1,59,58,59,2018-10-25 10:19PM,2018-10-26 7:53AM,496,78,24,574,60,309,127
10/27/2018,"3,145","5,805",2.69,6,652,211,28,26,"1,445",61,59,-2,58,59,59,2018-10-26 10:44PM,2018-10-27 7:27AM,469,54,18,523,131,270,68
10/28/2018,"2,866","4,471",2.08,11,779,195,8,5,"1,063",59,58,-1,59,59,59,2018-10-27 11:07PM,2018-10-28 6:40AM,397,56,15,453,64,230,103
10/29/2018,"3,196","5,901",2.74,8,599,235,34,9,"1,463",58,59,1,59,59,61,2018-10-28 10:14PM,2018-10-29 7:37AM,492,71,24,563,93,255,144
10/30/2018,"3,156","5,900",2.74,13,686,237,15,16,"1,409",59,59,0,59,61,61,2018-10-29 10:01PM,2018-10-30 6:08AM,427,59,13,486,87,227,113
10/31/2018,"3,238","7,002",3.25,10,650,181,37,38,"1,498",59,59,0,61,61,61,2018-10-30 10:16PM,2018-10-31 7:11AM,478,56,21,534,111,255,112
11/1/2018,"3,295","6,861",3.18,9,577,298,8,1,"1,569",59,61,2,61,61,60,2018-10-31 9:57PM,2018-11-01 7:13AM,479,77,19,556,80,289,110
11/2/2018,"3,212","7,074",3.28,13,616,299,7,3,"1,516",61,61,0,61,60,61,2018-11-01 10:11PM,2018-11-02 6:46AM,464,51,25,515,119,246,99
11/3/2018,"3,465","7,964",3.7,11,602,247,57,31,"1,812",61,61,0,60,61,62,2018-11-02 10:25PM,2018-11-03 6:48AM,420,83,18,503,74,286,60
11/4/2018,"3,023","5,133",2.38,11,"1,220",174,23,23,"1,164",61,60,-1,61,62,61,,,,,,,,,
11/5/2018,"2,885","3,886",1.8,8,691,193,13,8,"1,060",60,61,1,62,61,62,2018-11-04 10:16PM,2018-11-05 7:11AM,453,82,20,535,133,253,67
11/6/2018,"3,066","5,469",2.54,10,768,197,24,5,"1,256",61,62,1,61,62,62,2018-11-05 10:55PM,2018-11-06 6:21AM,384,62,14,446,82,183,119
11/7/2018,"3,200","5,527",2.57,6,663,238,25,3,"1,439",62,61,-1,62,62,62,2018-11-06 9:55PM,2018-11-07 6:26AM,424,87,16,511,63,263,98
11/8/2018,"3,575","8,183",3.8,13,"1,130",211,40,59,"1,889",61,62,1,62,62,61,,,,,,,,,
11/9/2018,"3,540","9,292",4.31,11,624,306,37,11,"1,911",62,62,0,62,61,61,2018-11-08 10:22PM,2018-11-09 6:04AM,404,58,15,462,103,201,100
11/10/2018,"3,488","8,949",4.15,29,"1,116",246,57,21,"1,840",62,62,0,61,61,61,,,,,,,,,
11/11/2018,"3,228","7,102",3.3,9,613,302,0,0,"1,548",62,61,-1,61,61,61,2018-11-10 10:10PM,2018-11-11 6:56AM,471,54,17,525,91,241,139
11/12/2018,"2,948","5,717",2.65,14,676,230,8,6,"1,203",61,61,0,61,61,61,2018-11-11 10:04PM,2018-11-12 6:44AM,461,59,31,520,84,298,79
11/13/2018,"3,304","6,012",2.79,13,725,239,49,13,"1,615",61,61,0,61,61,60,2018-11-12 10:09PM,2018-11-13 5:03AM,358,56,10,414,69,192,97
11/14/2018,"3,245","6,701",3.11,16,676,252,32,12,"1,570",61,61,0,61,60,62,2018-11-13 10:22PM,2018-11-14 6:11AM,418,50,18,468,57,275,86
11/15/2018,"3,206","6,561",3.05,15,641,281,7,8,"1,540",61,61,0,60,62,60,2018-11-14 10:43PM,2018-11-15 7:06AM,448,55,14,503,109,269,70
11/16/2018,"3,150","7,171",3.33,1,"1,171",246,1,22,"1,405",61,60,-1,62,60,58,,,,,,,,,
11/17/2018,"2,977","5,075",2.36,10,724,266,8,2,"1,231",60,62,2,60,58,59,2018-11-16 10:50PM,2018-11-17 7:46AM,385,150,14,535,65,169,71
11/18/2018,"2,949","5,237",2.43,6,677,222,17,6,"1,207",62,60,-2,58,59,60,2018-11-17 10:35PM,2018-11-18 7:13AM,436,82,22,518,91,260,85
11/19/2018,"2,864","4,757",2.21,7,695,235,0,0,"1,112",60,58,-2,59,60,59,2018-11-18 11:15PM,2018-11-19 7:46AM,460,50,26,510,85,278,97
11/20/2018,"3,668","10,258",4.76,9,568,268,61,35,"2,064",58,59,1,60,59,59,2018-11-19 11:01PM,2018-11-20 7:29AM,423,85,17,508,98,231,94
11/21/2018,"3,451","9,718",4.51,5,629,234,19,49,"1,723",59,60,1,59,59,59,2018-11-20 10:06PM,2018-11-21 6:35AM,420,89,21,509,115,201,104
11/22/2018,"2,893","4,948",2.3,8,695,201,7,3,"1,052",60,59,-1,59,59,60,2018-11-21 9:55PM,2018-11-22 6:50AM,474,60,28,534,99,268,107
11/23/2018,"2,909","5,906",2.74,13,"1,213",227,0,0,"1,167",59,59,0,59,60,60,,,,,,,,,
11/24/2018,"3,258","6,391",2.97,8,556,285,28,8,"1,619",59,59,0,60,60,59,2018-11-23 10:29PM,2018-11-24 7:52AM,493,70,19,563,133,235,125
11/25/2018,"3,085","5,472",2.54,5,614,253,8,2,"1,312",59,60,1,60,59,58,2018-11-24 10:20PM,2018-11-25 7:43AM,517,46,24,563,124,259,134
11/26/2018,"3,338","7,353",3.41,6,610,247,41,14,"1,652",60,60,0,59,58,60,2018-11-25 10:39PM,2018-11-26 7:27AM,421,107,25,528,102,216,103
11/27/2018,"2,830","4,682",2.17,13,855,227,0,0,"1,072",60,59,-1,58,60,60,2018-11-27 1:36AM,2018-11-27 7:34AM,316,42,20,358,21,267,28
11/28/2018,"3,004","4,904",2.28,9,596,242,14,6,"1,276",59,58,-1,60,60,60,2018-11-27 9:57PM,2018-11-28 7:39AM,512,70,16,582,94,300,118
11/29/2018,"3,001","5,335",2.48,12,715,217,8,5,"1,184",58,60,2,60,60,59,2018-11-28 11:40PM,2018-11-29 7:55AM,427,68,21,495,92,242,93
11/30/2018,"3,281","7,218",3.35,6,662,270,33,4,"1,588",60,60,0,60,59,58,2018-11-29 11:03PM,2018-11-30 6:54AM,389,82,22,471,84,216,89
12/1/2018,"2,934","6,507",3.02,10,715,231,16,0,"1,221",60,60,0,59,58,58,2018-11-30 11:09PM,2018-12-01 7:07AM,426,52,19,478,67,318,41
12/2/2018,"3,204","8,916",4.14,6,742,202,42,23,"1,502",60,59,-1,58,58,58,2018-12-02 10:32PM,2018-12-03 7:58AM,497,69,27,566,57,316,124
12/3/2018,"2,823","4,362",2.02,7,645,229,0,0,"1,078",59,58,-1,58,58,57,2018-12-02 12:12AM,2018-12-02 7:23AM,389,42,16,431,74,260,55
12/4/2018,"3,290","7,152",3.32,15,686,295,23,13,"1,663",58,58,0,58,57,57,2018-12-04 10:32PM,2018-12-05 7:01AM,469,39,21,508,141,202,126
12/5/2018,"3,198","6,745",3.13,9,652,237,27,16,"1,502",58,58,0,57,57,56,2018-12-04 12:31AM,2018-12-04 7:34AM,377,46,19,423,90,188,99
12/6/2018,"3,112","7,697",3.57,9,695,185,30,31,"1,396",58,57,-1,57,56,55,2018-12-05 11:16PM,2018-12-06 7:35AM,434,65,22,499,103,245,86
12/7/2018,"2,922","5,106",2.37,14,660,248,0,0,"1,160",57,57,0,56,55,55,2018-12-06 10:22PM,2018-12-07 7:15AM,483,49,22,532,122,273,88
12/8/2018,"3,096","6,818",3.16,6,684,256,9,1,"1,382",57,56,-1,55,55,55,2018-12-07 10:47PM,2018-12-08 6:57AM,410,80,27,490,47,265,98
12/9/2018,"2,941","6,164",2.86,7,652,221,11,2,"1,180",56,55,-1,55,55,55,2018-12-08 10:21PM,2018-12-09 7:35AM,486,68,24,554,96,303,87
12/10/2018,"3,464","8,797",4.08,9,647,311,10,18,"1,827",55,55,0,55,55,54,2018-12-09 11:48PM,2018-12-10 7:23AM,390,64,20,454,78,210,102
12/11/2018,"2,910","5,069",2.35,12,627,215,4,8,"1,128",55,55,0,55,54,54,2018-12-10 10:19PM,2018-12-11 8:05AM,525,61,33,586,95,351,79
12/12/2018,"3,387","6,690",3.11,9,694,229,38,51,"1,728",55,55,0,54,54,55,2018-12-12 12:41AM,2018-12-12 7:49AM,398,30,16,428,93,199,106
12/13/2018,"2,807","4,444",2.06,7,779,200,9,11,"1,019",55,54,-1,54,55,54,2018-12-13 12:42AM,2018-12-13 8:03AM,384,57,10,441,87,206,91
12/14/2018,"3,219","7,772",3.61,11,793,250,12,11,"1,500",54,54,0,55,54,54,2018-12-14 12:19AM,2018-12-14 6:34AM,322,52,12,374,83,175,64
12/15/2018,"3,409","6,149",2.85,12,706,270,14,26,"1,707",54,55,1,54,54,55,2018-12-15 1:47AM,2018-12-15 8:52AM,358,66,10,424,59,236,63
12/16/2018,"2,995","6,021",2.79,6,579,217,20,13,"1,285",55,54,-1,54,55,57,2018-12-15 10:09PM,2018-12-16 8:20AM,551,60,25,611,135,302,114
12/17/2018,"3,487","7,816",3.63,15,592,300,41,10,"1,880",54,54,0,55,57,58,2018-12-16 10:51PM,2018-12-17 7:08AM,431,66,20,497,136,223,72
12/18/2018,"3,309","7,282",3.38,10,720,304,12,16,"1,663",54,55,1,57,58,,2018-12-18 10:51PM,2018-12-19 7:57AM,494,52,17,546,162,217,115
12/19/2018,"3,282","7,270",3.37,8,557,308,20,9,"1,615",55,57,2,58,,,2018-12-18 12:37AM,2018-12-18 7:05AM,345,43,20,388,94,138,113
12/20/2018,"3,195","6,070",2.82,8,670,253,25,16,"1,501",57,58,1,,,,2018-12-20 10:37PM,2018-12-21 6:30AM,388,85,21,473,52,282,54
12/21/2018,"2,776","4,176",1.94,3,620,189,7,1,959,58,,,,,,2018-12-20 12:16AM,2018-12-20 8:12AM,396,80,21,476,60,229,107
12/22/2018,"1,953",,,,,,,,,,,,,,,,,,,,,,,
12/23/2018,"1,951",,,,,,,,,,,,,,58,,,,,,,,,
12/24/2018,"1,958",,,,,,,,,,,,,58,57,,,,,,,,,
12/25/2018,"1,950",,,,,,,,,,,,58,57,58,,,,,,,,,
12/26/2018,"1,950",,,,,,,,,,58,,57,58,59,,,,,,,,,
12/27/2018,"3,152","5,259",2.44,12,"1,196",173,55,16,"1,390",58,57,-1,58,59,59,,,,,,,,,
12/28/2018,"3,800","9,285",4.31,11,589,242,69,60,"2,232",57,58,1,59,59,61,2018-12-27 11:31PM,2018-12-28 7:31AM,444,36,21,480,112,231,101
12/29/2018,"3,067","5,179",2.4,7,652,250,9,1,"1,265",58,59,1,59,61,61,2018-12-28 10:00PM,2018-12-29 6:49AM,459,69,30,528,106,255,98
12/30/2018,"3,660","8,437",3.92,18,552,300,68,12,"2,079",59,59,0,61,61,61,2018-12-29 11:45PM,2018-12-30 8:13AM,442,66,19,508,114,239,89
12/31/2018,"3,420","6,619",3.07,16,624,222,65,27,"1,713",59,61,2,61,61,62,2018-12-30 11:22PM,2018-12-31 7:44AM,437,65,23,502,96,226,115
1/1/2019,"4,483","13,195",6.12,33,370,277,164,64,"3,082",61,61,0,61,62,62,2018-12-31 10:41PM,2019-01-01 8:06AM,476,89,27,565,137,226,113
1/2/2019,"3,696","10,305",4.78,7,580,230,76,34,"2,010",61,61,0,62,62,62,2019-01-01 10:50PM,2019-01-02 7:31AM,451,69,21,520,89,273,89
1/3/2019,"3,745","9,323",4.33,2,534,357,53,17,"2,209",61,62,1,62,62,61,2019-01-02 10:33PM,2019-01-03 6:32AM,427,52,21,479,96,246,85
1/4/2019,"3,992","11,617",5.39,2,523,338,65,37,"2,532",62,62,0,62,61,61,2019-01-03 10:33PM,2019-01-04 6:31AM,406,71,17,477,112,174,120
1/5/2019,"3,323","6,714",3.12,2,537,345,11,2,"1,730",62,62,0,61,61,62,2019-01-04 9:56PM,2019-01-05 7:01AM,465,80,20,545,81,313,71
1/6/2019,"2,724","3,926",1.82,0,938,192,8,1,954,62,61,-1,61,62,63,2019-01-05 11:33PM,2019-01-06 4:35AM,273,28,10,301,67,142,64
1/7/2019,"4,572","14,758",6.85,3,473,351,85,85,"3,180",61,61,0,62,63,62,2019-01-06 11:07PM,2019-01-07 6:33AM,408,38,20,446,87,223,98
1/8/2019,"4,235","14,534",6.79,3,494,290,84,71,"2,728",61,62,1,63,62,61,2019-01-07 10:12PM,2019-01-08 6:34AM,435,66,21,501,40,302,93
1/9/2019,"4,126","13,858",6.43,3,474,360,34,65,"2,678",62,63,1,62,61,59,2019-01-08 10:23PM,2019-01-09 6:51AM,451,56,23,507,122,211,118
1/10/2019,"3,694","10,398",4.83,3,605,262,31,54,"2,086",63,62,-1,61,59,57,2019-01-09 10:23PM,2019-01-10 6:31AM,436,52,14,488,114,203,119
1/11/2019,"3,278","8,236",3.82,4,685,245,19,24,"1,598",62,61,-1,59,57,57,2019-01-10 10:31PM,2019-01-11 6:18AM,420,47,18,467,113,240,67
1/12/2019,"2,960","4,486",2.08,2,660,216,16,13,"1,255",61,59,-2,57,57,57,2019-01-11 11:12PM,2019-01-12 8:07AM,495,40,23,535,144,214,137
1/13/2019,"2,936","5,828",2.71,0,586,186,38,18,"1,232",59,57,-2,57,57,59,2019-01-12 9:32PM,2019-01-13 7:45AM,514,98,24,612,146,309,59
1/14/2019,"3,385","7,305",3.39,1,577,274,12,31,"1,732",57,57,0,57,59,58,2019-01-13 9:43PM,2019-01-14 6:49AM,472,74,20,546,112,283,77
1/15/2019,"3,440","7,573",3.52,2,605,241,33,50,"1,810",57,57,0,59,58,57,2019-01-14 9:56PM,2019-01-15 6:27AM,465,46,24,511,126,236,103
1/16/2019,"3,485","7,551",3.5,1,589,228,44,45,"1,837",57,59,2,58,57,56,2019-01-15 9:28PM,2019-01-16 6:22AM,462,72,23,534,103,257,102
1/17/2019,"3,789","9,041",4.2,3,455,329,60,42,"2,295",59,58,-1,57,56,55,2019-01-16 9:39PM,2019-01-17 6:53AM,462,92,27,554,115,236,111
1/18/2019,"3,654","10,055",4.67,7,505,280,53,54,"2,111",58,57,-1,56,55,56,2019-01-17 9:44PM,2019-01-18 6:52AM,473,75,24,548,71,297,105
1/19/2019,"3,386","5,621",2.61,9,629,235,35,35,"1,678",57,56,-1,55,56,56,2019-01-18 11:06PM,2019-01-19 7:32AM,448,58,20,506,123,238,87
1/20/2019,"3,222","7,700",3.57,4,669,232,36,20,"1,574",56,55,-1,56,56,57,2019-01-19 9:52PM,2019-01-20 8:10AM,415,203,24,618,39,307,69
1/21/2019,"3,871","8,470",3.93,4,500,249,74,71,"2,324",55,56,1,56,57,57,2019-01-20 10:09PM,2019-01-21 7:15AM,500,46,20,546,148,273,79
1/22/2019,"3,893","8,864",4.11,7,533,272,75,53,"2,356",56,56,0,57,57,56,2019-01-21 10:05PM,2019-01-22 6:33AM,443,64,27,507,85,246,112
1/23/2019,"3,498","8,904",4.13,0,571,302,13,40,"1,895",56,57,1,57,56,58,2019-01-22 9:52PM,2019-01-23 6:26AM,462,52,18,514,79,278,105
1/24/2019,"3,379","7,687",3.57,3,605,319,9,10,"1,724",57,57,0,56,58,59,2019-01-23 10:10PM,2019-01-24 6:28AM,453,44,22,497,135,225,93
1/25/2019,"3,508","8,542",3.96,5,641,227,31,52,"1,852",57,56,-1,58,59,57,2019-01-24 10:05PM,2019-01-25 6:14AM,436,53,19,489,97,235,104
1/26/2019,"3,486","8,416",3.91,1,599,265,12,35,"1,809",56,58,2,59,57,58,2019-01-25 9:51PM,2019-01-26 6:40AM,456,73,21,529,133,235,88
1/27/2019,"2,843","4,485",2.08,2,691,145,19,28,"1,064",58,59,1,57,58,58,2019-01-26 10:19PM,2019-01-27 7:36AM,501,56,19,557,141,209,151
1/28/2019,"4,024","10,642",4.94,1,536,258,73,83,"2,504",59,57,-2,58,58,57,2019-01-27 9:57PM,2019-01-28 6:08AM,445,45,15,490,145,226,74
1/29/2019,"4,062","10,212",4.74,0,532,262,65,86,"2,527",57,58,1,58,57,58,2019-01-28 10:10PM,2019-01-29 6:26AM,435,60,18,495,106,234,95
1/30/2019,"3,648","9,097",4.22,3,586,257,32,60,"2,034",58,58,0,57,58,58,2019-01-29 9:51PM,2019-01-30 6:16AM,463,42,25,505,164,220,79
1/31/2019,"3,866","10,635",4.94,0,540,299,52,52,"2,327",58,57,-1,58,58,57,2019-01-30 10:12PM,2019-01-31 6:29AM,437,60,19,497,92,272,73
2/1/2019,"3,721","9,331",4.33,3,642,196,47,81,"2,075",57,58,1,58,57,57,2019-01-31 10:16PM,2019-02-01 6:10AM,431,43,22,474,91,272,68
2/2/2019,"2,618","3,213",1.49,2,738,142,9,3,754,58,58,0,57,57,56,2019-02-01 9:35PM,2019-02-02 6:43AM,484,64,18,548,124,258,102
2/3/2019,"2,716","4,019",1.87,3,856,169,20,13,954,58,57,-1,57,56,58,2019-02-02 9:48PM,2019-02-03 4:10AM,340,42,19,382,78,238,24
2/4/2019,"4,127","9,199",4.27,2,532,226,75,103,"2,607",57,57,0,56,58,58,2019-02-03 10:11PM,2019-02-04 6:35AM,431,73,17,504,91,259,81
2/5/2019,"4,040","9,264",4.29,3,457,324,43,52,"2,499",57,56,-1,58,58,58,2019-02-04 8:48PM,2019-02-05 6:12AM,510,54,20,564,132,263,115
2/6/2019,"3,416","6,980",3.22,4,694,210,47,37,"1,719",56,58,2,58,58,58,2019-02-05 10:48PM,2019-02-06 6:21AM,409,43,21,452,74,234,101
2/7/2019,"3,901","8,444",3.91,1,563,278,52,62,"2,335",58,58,0,58,58,58,2019-02-06 10:07PM,2019-02-07 6:13AM,427,58,19,485,129,207,91
2/8/2019,"3,125","6,129",2.84,5,682,193,41,25,"1,413",58,58,0,58,58,59,2019-02-07 10:03PM,2019-02-08 6:22AM,442,57,16,499,101,216,125
2/9/2019,"2,771","5,051",2.34,0,719,228,0,0,"1,036",58,58,0,58,59,59,2019-02-08 9:23PM,2019-02-09 5:36AM,436,57,18,493,89,253,94
2/10/2019,"2,991","4,589",2.12,4,651,210,12,15,"1,257",58,58,0,59,59,60,2019-02-09 9:54PM,2019-02-10 7:06AM,485,67,24,552,131,229,125
2/11/2019,"4,212","11,428",5.3,3,484,297,94,75,"2,772",58,59,1,59,60,58,2019-02-10 9:55PM,2019-02-11 6:05AM,430,60,17,490,78,287,65
2/12/2019,"3,875","7,639",3.55,1,607,259,77,51,"2,236",59,59,0,60,58,57,2019-02-11 9:58PM,2019-02-12 6:09AM,376,115,16,491,86,117,89
2/13/2019,"2,845","4,630",2.15,15,766,177,26,3,"1,031",59,60,1,58,57,58,2019-02-12 11:37PM,2019-02-13 7:48AM,440,51,5,491,,,
2/14/2019,"2,767","4,633",2.15,7,672,213,10,7,"1,026",60,58,-2,57,58,59,2019-02-13 10:25PM,2019-02-14 5:05AM,331,69,22,400,83,185,63
2/15/2019,"2,930","4,097",1.9,11,899,197,24,6,"1,129",58,57,-1,58,59,59,2019-02-14 9:50PM,2019-02-15 6:50AM,347,198,6,545,,,
2/16/2019,"3,779","8,501",3.91,0,607,198,59,79,"2,173",57,58,1,59,59,60,2019-02-15 10:15PM,2019-02-16 6:32AM,460,37,21,497,176,147,137
2/17/2019,"2,957","4,530",1.97,1,698,149,16,40,"1,176",58,59,1,59,60,58,2019-02-16 9:59PM,2019-02-17 6:56AM,482,55,26,537,143,201,138
2/18/2019,"2,931","5,157",2.37,0,676,217,8,22,"1,227",59,59,0,60,58,59,2019-02-17 9:54PM,2019-02-18 6:31AM,462,55,18,517,156,202,104
2/19/2019,"3,655","9,198",4.27,3,550,333,35,11,"2,076",59,60,1,58,59,57,2019-02-18 9:42PM,2019-02-19 6:13AM,463,48,22,511,120,234,109
2/20/2019,"3,390","10,874",5.05,4,676,286,14,30,"1,758",60,58,-2,59,57,58,2019-02-19 9:34PM,2019-02-20 4:49AM,407,27,20,434,144,169,94
2/21/2019,"2,876","5,849",2.81,1,634,252,0,0,"1,140",58,59,1,57,58,58,2019-02-20 9:57PM,2019-02-21 7:11AM,486,68,19,554,152,217,117
2/22/2019,"3,385","10,731",5.06,3,582,274,6,53,"1,748",59,57,-2,58,58,58,2019-02-21 10:03PM,2019-02-22 6:49AM,484,41,27,525,78,278,128
2/23/2019,"3,233","8,148",3.84,0,593,264,11,30,"1,567",57,58,1,58,58,59,2019-02-22 10:16PM,2019-02-23 7:18AM,486,56,24,542,121,271,94
2/24/2019,"2,824","4,603",2.13,0,663,232,9,3,"1,098",58,58,0,58,59,60,2019-02-23 10:05PM,2019-02-24 6:58AM,457,76,25,533,88,268,101
2/25/2019,"3,370","8,958",4.16,1,580,327,18,9,"1,763",58,58,0,59,60,61,2019-02-24 9:43PM,2019-02-25 6:09AM,458,48,19,506,108,245,105
2/26/2019,"3,312","9,377",4.39,4,666,246,5,36,"1,590",58,59,1,60,61,60,2019-02-25 10:15PM,2019-02-26 6:22AM,431,56,25,487,75,250,106
2/27/2019,"3,906","13,398",6.3,10,523,288,52,62,"2,358",59,60,1,61,60,60,2019-02-26 9:44PM,2019-02-27 6:19AM,452,63,21,515,70,270,112
2/28/2019,"3,507","11,192",5.3,2,690,254,15,49,"1,842",60,61,1,60,60,59,2019-02-27 11:10PM,2019-02-28 6:22AM,367,65,18,432,62,191,114
3/1/2019,"3,489","11,853",5.72,12,646,236,7,41,"1,769",61,60,-1,60,59,57,2019-02-28 9:39PM,2019-03-01 6:09AM,454,56,25,510,96,234,124
3/2/2019,"3,399","11,981",5.96,18,605,222,6,53,"1,694",60,60,0,59,57,57,2019-03-01 9:44PM,2019-03-02 6:58AM,488,66,22,554,142,229,117
3/3/2019,"2,858","6,696",3.11,0,687,264,0,0,"1,179",60,59,-1,57,57,58,2019-03-02 10:36PM,2019-03-03 6:45AM,441,48,21,489,123,211,107
3/4/2019,"3,437","9,972",4.63,2,586,310,31,28,"1,905",59,57,-2,57,58,58,2019-03-03 10:29PM,2019-03-04 6:34AM,422,63,26,485,93,258,71
3/5/2019,"3,923","13,499",6.49,2,552,285,28,72,"2,370",57,57,0,58,58,57,2019-03-04 9:52PM,2019-03-05 6:16AM,460,43,22,503,107,265,88
3/6/2019,"3,107","7,012",3.25,6,572,310,8,3,"1,463",57,58,1,58,57,58,2019-03-05 9:47PM,2019-03-06 6:55AM,470,77,18,547,92,285,93
3/7/2019,"3,085","7,188",3.34,2,633,279,13,5,"1,402",58,58,0,57,58,58,2019-03-06 9:59PM,2019-03-07 6:29AM,453,57,25,510,74,270,109
3/8/2019,"3,390","11,152",5.44,3,660,211,4,50,"1,695",58,57,-1,58,58,58,2019-03-07 10:01PM,2019-03-08 6:36AM,462,53,20,515,127,226,109
3/9/2019,"3,690","13,946",6.64,5,658,167,25,90,"2,015",57,58,1,58,58,59,2019-03-08 10:15PM,2019-03-09 6:35AM,437,63,23,500,129,185,123
3/10/2019,"2,736","5,963",2.77,3,736,177,8,26,"1,000",58,58,0,58,59,59,2019-03-09 10:03PM,2019-03-10 7:16AM,460,33,18,493,122,249,89
3/11/2019,"3,880","16,516",7.88,8,680,188,38,96,"2,275",58,58,0,59,59,59,2019-03-11 1:16AM,2019-03-11 8:34AM,375,63,27,438,50,246,79
3/12/2019,"3,667","11,033",5.21,2,544,244,19,67,"2,066",58,59,1,59,59,59,2019-03-11 10:32PM,2019-03-12 7:58AM,499,67,28,566,106,260,133
3/13/2019,"4,025","12,445",5.9,8,546,185,66,87,"2,427",59,59,0,59,59,59,2019-03-12 10:13PM,2019-03-13 7:29AM,488,68,18,556,80,304,104
3/14/2019,"3,456","9,083",4.13,8,746,207,41,58,"1,803",59,59,0,59,59,59,2019-03-14 12:52AM,2019-03-14 7:21AM,360,28,20,388,119,159,82
3/15/2019,"3,809","13,895",6.68,21,619,216,21,100,"2,212",59,59,0,59,59,58,2019-03-14 11:13PM,2019-03-15 7:17AM,436,48,24,484,111,257,68
3/16/2019,"4,025","13,664",6.43,20,600,193,23,119,"2,432",59,59,0,59,58,57,2019-03-15 10:01PM,2019-03-16 6:26AM,452,53,23,505,126,235,91
3/17/2019,"2,940","7,135",3.31,2,653,257,3,14,"1,251",59,59,0,58,57,56,2019-03-16 9:55PM,2019-03-17 6:29AM,465,48,32,513,86,263,116
3/18/2019,"4,078","13,325",6.08,4,515,306,52,73,"2,586",59,58,-1,57,56,56,2019-03-17 9:37PM,2019-03-18 5:51AM,446,48,19,494,108,280,58
3/19/2019,"3,369","11,819",5.49,20,579,243,33,38,"1,729",58,57,-1,56,56,56,2019-03-18 9:37PM,2019-03-19 6:44AM,473,74,19,547,109,252,112
3/20/2019,"3,321","8,067",3.74,1,566,338,15,3,"1,719",57,56,-1,56,56,56,2019-03-19 9:41PM,2019-03-20 6:19AM,439,79,17,518,72,257,110
3/21/2019,"3,270","7,677",3.56,1,591,302,12,11,"1,603",56,56,0,56,56,55,2019-03-20 9:49PM,2019-03-21 6:34AM,463,61,22,524,133,205,125
3/22/2019,"3,493","10,298",4.78,6,511,220,48,42,"1,833",56,56,0,56,55,55,2019-03-21 9:49PM,2019-03-22 6:37AM,450,78,12,528,96,237,117
3/23/2019,"3,553","12,996",6.15,20,664,205,28,58,"1,763",56,56,0,55,55,57,2019-03-22 11:27PM,2019-03-23 7:32AM,435,50,31,485,87,273,75
3/24/2019,"2,913","6,927",3.22,3,651,211,12,9,"1,176",56,55,-1,55,57,58,2019-03-23 9:37PM,2019-03-24 6:54AM,489,68,30,557,99,313,77
3/25/2019,"3,768","10,896",5.06,3,508,275,86,33,"2,232",55,55,0,57,58,59,2019-03-24 9:37PM,2019-03-25 6:35AM,480,58,21,538,116,263,101
3/26/2019,"4,026","14,394",6.94,5,479,289,34,74,"2,469",55,57,2,58,59,58,2019-03-25 10:01PM,2019-03-26 7:25AM,447,117,19,564,117,239,91
3/27/2019,"3,344","9,474",4.4,2,579,314,15,20,"1,777",57,58,1,59,58,58,2019-03-26 10:10PM,2019-03-27 6:42AM,452,60,22,512,140,218,94
3/28/2019,"4,414","16,752",8.01,7,483,333,40,86,"2,974",58,59,1,58,58,57,2019-03-27 9:57PM,2019-03-28 6:15AM,446,52,26,498,118,194,134
3/29/2019,"3,454","10,364",4.81,56,633,288,16,18,"1,764",59,58,-1,58,57,57,2019-03-28 10:06PM,2019-03-29 6:11AM,433,52,21,485,120,237,76
3/30/2019,"3,033","8,161",3.79,3,663,253,11,15,"1,350",58,58,0,57,57,57,2019-03-29 10:44PM,2019-03-30 7:02AM,443,55,23,498,103,233,107
3/31/2019,"2,733","4,572",2.12,18,675,165,24,1,951,58,57,-1,57,57,58,2019-03-30 10:31PM,2019-03-31 8:07AM,503,72,26,575,135,282,86
4/1/2019,"3,883","11,490",5.33,5,484,319,59,38,"2,396",57,57,0,57,58,58,2019-03-31 9:21PM,2019-04-01 6:21AM,480,60,19,540,152,219,109
4/2/2019,"3,944","12,938",6.01,5,510,302,55,67,"2,463",57,57,0,58,58,59,2019-04-01 9:47PM,2019-04-02 6:14AM,465,41,30,506,80,268,117
4/3/2019,"4,245","14,185",6.96,2,429,283,49,93,"2,751",57,58,1,58,59,58,2019-04-02 9:21PM,2019-04-03 7:07AM,525,61,28,586,126,315,84
4/4/2019,"3,504","11,525",5.35,11,613,266,30,41,"1,885",58,58,0,59,58,58,2019-04-03 10:05PM,2019-04-04 6:16AM,447,43,25,490,143,190,114
4/5/2019,"3,483","12,758",5.92,6,665,257,4,51,"1,820",58,59,1,58,58,58,2019-04-04 10:33PM,2019-04-05 6:16AM,424,39,19,463,88,226,110
4/6/2019,"2,683","5,849",2.81,3,720,180,2,17,923,59,58,-1,58,58,58,2019-04-05 11:07PM,2019-04-06 7:48AM,471,50,28,521,101,241,129
4/7/2019,"3,665","17,104",7.25,11,699,204,23,106,"2,098",58,58,0,58,58,58,2019-04-06 11:52PM,2019-04-07 6:40AM,365,43,14,408,105,169,91
4/8/2019,"3,555","12,115",5.56,6,559,296,20,51,"1,972",58,58,0,58,58,58,2019-04-07 9:46PM,2019-04-08 6:21AM,463,51,25,514,134,249,80
4/9/2019,"3,679","13,122",6.11,32,569,272,23,71,"2,097",58,58,0,58,58,59,2019-04-08 9:53PM,2019-04-09 6:19AM,444,61,21,505,96,255,93
4/10/2019,"3,591","12,087",5.51,23,585,283,13,54,"1,986",58,58,0,58,59,59,2019-04-09 9:55PM,2019-04-10 6:20AM,465,40,22,505,97,272,96
4/11/2019,"3,342","10,603",4.6,12,647,233,21,39,"1,688",58,58,0,59,59,58,2019-04-10 10:04PM,2019-04-11 6:24AM,441,59,23,500,93,224,124
4/12/2019,"3,419","12,867",5.94,6,702,206,16,55,"1,735",58,59,1,59,58,59,2019-04-11 10:23PM,2019-04-12 6:04AM,417,44,30,461,52,276,89
4/13/2019,"4,293","20,094",9.65,12,476,255,28,117,"2,775",59,59,0,58,59,59,2019-04-12 9:33PM,2019-04-13 6:57AM,516,48,30,564,112,283,121
4/14/2019,"3,437","12,427",5.51,13,563,238,8,70,"1,840",59,58,-1,59,59,58,2019-04-13 9:56PM,2019-04-14 7:17AM,480,81,24,561,96,265,119
4/15/2019,"4,288","18,146",8.58,9,563,271,24,110,"2,745",58,59,1,59,58,58,2019-04-14 9:51PM,2019-04-15 5:43AM,424,48,21,472,32,292,100
4/16/2019,"4,505","20,424",9.67,14,511,313,22,115,"3,025",59,59,0,58,58,58,2019-04-15 9:34PM,2019-04-16 5:34AM,418,61,19,479,123,189,106
4/17/2019,"3,953","16,122",7.26,28,485,352,30,59,"2,493",59,58,-1,58,58,59,2019-04-16 9:43PM,2019-04-17 6:17AM,454,60,23,514,113,200,141
4/18/2019,"4,302","17,285",8.09,10,532,375,13,63,"2,833",58,58,0,58,59,57,2019-04-17 9:58PM,2019-04-18 5:35AM,412,45,16,457,151,180,81
4/19/2019,"3,172","8,934",4.15,24,654,257,3,12,"1,402",58,58,0,59,57,56,2019-04-18 10:11PM,2019-04-19 6:45AM,462,52,25,514,114,234,114
4/20/2019,"3,934","18,015",8.36,44,536,231,43,92,"2,339",58,59,1,57,56,57,2019-04-19 10:56PM,2019-04-20 7:55AM,457,81,29,538,82,276,99
4/21/2019,"3,374","11,851",5.21,28,624,246,14,56,"1,688",59,57,-2,56,57,57,2019-04-20 10:57PM,2019-04-21 7:18AM,446,54,20,500,124,202,120
4/22/2019,"3,825","13,314",5.96,3,423,344,35,47,"2,338",57,56,-1,57,57,56,2019-04-21 9:35PM,2019-04-22 7:26AM,502,89,19,591,124,258,120
4/23/2019,"4,018","11,568",5.37,3,496,325,51,62,"2,524",56,57,1,57,56,55,2019-04-22 9:57PM,2019-04-23 6:24AM,438,68,21,506,85,223,130
4/24/2019,"4,171","15,518",7.12,10,493,315,43,80,"2,728",57,57,0,56,55,54,2019-04-23 9:46PM,2019-04-24 6:15AM,454,55,23,509,129,229,96
4/25/2019,"4,151","16,953",7.8,9,511,251,29,126,"2,702",57,56,-1,55,54,55,2019-04-24 9:55PM,2019-04-25 6:38AM,467,56,24,523,120,245,102
4/26/2019,"4,214","15,284",7.07,14,457,296,67,100,"2,810",56,55,-1,54,55,55,2019-04-25 9:55PM,2019-04-26 6:35AM,447,73,29,520,100,238,109
4/27/2019,"3,265","10,054",4.58,27,693,215,14,38,"1,551",55,54,-1,55,55,55,2019-04-26 10:48PM,2019-04-27 6:48AM,445,35,24,480,64,284,97
4/28/2019,"2,764","8,053",3.74,19,718,157,11,22,"1,021",54,55,1,55,55,55,2019-04-27 10:02PM,2019-04-28 6:54AM,476,56,29,532,119,265,92
4/29/2019,"3,439","11,018",5.28,5,527,152,19,74,"1,710",55,55,0,55,55,55,2019-04-28 9:51PM,2019-04-29 6:31AM,475,45,27,520,115,299,61
4/30/2019,"3,214","9,621",3.87,13,633,205,41,33,"1,545",55,55,0,55,55,55,2019-04-29 9:32PM,2019-04-30 8:48AM,608,65,4,676,,,
5/1/2019,"2,911","5,590",2.59,3,654,228,3,8,"1,147",55,55,0,55,55,55,2019-04-30 9:50PM,2019-05-01 6:57AM,469,78,17,547,122,246,101
5/2/2019,"4,132","17,379",8.05,12,514,318,24,89,"2,672",55,55,0,55,55,55,2019-05-01 10:05PM,2019-05-02 6:20AM,437,58,18,495,116,206,115
5/3/2019,"4,158","20,022",9.56,16,524,271,27,118,"2,691",55,55,0,55,55,55,2019-05-02 10:01PM,2019-05-03 6:21AM,452,48,24,500,105,244,103
5/4/2019,"4,366","23,498",10.05,45,439,301,37,137,"2,986",55,55,0,55,55,55,2019-05-03 10:07PM,2019-05-04 6:54AM,468,58,15,526,129,243,96
5/5/2019,"3,512","15,308",6.98,6,640,196,27,98,"1,951",55,55,0,55,55,55,2019-05-04 10:16PM,2019-05-05 6:15AM,436,43,20,479,79,263,94
5/6/2019,"4,545","20,271",9.37,13,425,291,67,136,"3,197",55,55,0,55,55,54,2019-05-05 9:49PM,2019-05-06 6:30AM,467,54,26,521,132,196,139
5/7/2019,"3,976","20,030",9.38,19,529,279,15,118,"2,495",55,55,0,55,54,54,2019-05-06 9:48PM,2019-05-07 6:08AM,446,53,18,499,70,267,109
5/8/2019,"3,446","13,617",6.28,12,622,271,17,52,"1,899",55,55,0,54,54,54,2019-05-07 9:57PM,2019-05-08 5:55AM,431,47,19,478,120,190,121
5/9/2019,"3,987","20,237",9.33,11,617,183,13,145,"2,442",55,54,-1,54,54,53,2019-05-08 10:04PM,2019-05-09 6:06AM,441,41,23,482,68,284,89
5/10/2019,"3,707","15,345",7.1,9,701,231,9,91,"2,101",54,54,0,54,53,54,2019-05-09 11:19PM,2019-05-10 6:07AM,373,35,24,408,48,252,73
5/11/2019,"3,760","15,608",7.21,7,535,295,28,73,"2,276",54,54,0,53,54,55,2019-05-10 10:15PM,2019-05-11 6:44AM,457,52,19,509,102,232,123
5/12/2019,"3,695","16,624",7.54,8,557,218,21,112,"2,166",54,53,-1,54,55,56,2019-05-11 10:16PM,2019-05-12 7:08AM,469,63,21,532,146,216,107
5/13/2019,"4,631","22,412",10.33,11,440,328,36,138,"3,260",53,54,1,55,56,58,2019-05-12 10:06PM,2019-05-13 6:25AM,423,75,23,498,91,237,95
5/14/2019,"4,026","20,065",9.27,8,546,280,20,112,"2,528",54,55,1,56,58,58,2019-05-13 10:26PM,2019-05-14 6:28AM,424,58,20,482,80,252,92
5/15/2019,"4,018","20,297",9.65,24,607,179,7,129,"2,408",55,56,1,58,58,57,2019-05-14 9:56PM,2019-05-15 6:34AM,449,69,19,518,131,203,115
5/16/2019,"4,633","20,418",10.13,45,489,222,48,168,"3,160",56,58,2,58,57,55,2019-05-15 10:01PM,2019-05-16 6:35AM,474,39,24,513,126,255,93
5/17/2019,"4,203","21,753",9.91,30,562,212,18,142,"2,669",58,58,0,57,55,55,2019-05-16 10:06PM,2019-05-17 6:32AM,441,65,23,506,107,226,108
5/18/2019,"3,470","12,645",5.74,4,552,307,9,50,"1,946",58,57,-1,55,55,55,2019-05-17 10:23PM,2019-05-18 7:05AM,463,59,24,522,117,234,112
5/19/2019,"3,266","7,911",3.53,15,668,188,21,71,"1,669",57,55,-2,55,55,55,2019-05-18 10:38PM,2019-05-19 6:50AM,434,58,18,492,109,195,130
5/20/2019,"4,203","20,235",9.56,14,524,259,27,120,"2,732",55,55,0,55,55,56,2019-05-19 10:04PM,2019-05-20 6:34AM,454,56,27,510,91,250,113
5/21/2019,"4,210","20,071",8.1,18,471,303,60,92,"2,805",55,55,0,55,56,56,2019-05-20 10:02PM,2019-05-21 6:37AM,449,65,20,514,111,258,80
5/22/2019,"4,133","20,476",9.81,12,557,206,33,123,"2,603",55,55,0,56,56,56,2019-05-21 9:51PM,2019-05-22 6:32AM,476,45,19,521,135,225,116
5/23/2019,"4,006","17,863",8.57,17,597,184,20,135,"2,419",55,56,1,56,56,55,2019-05-22 10:05PM,2019-05-23 6:29AM,445,59,18,504,120,221,104
5/24/2019,"3,700","14,513",6.74,4,597,282,25,67,"2,181",56,56,0,56,55,53,2019-05-23 10:26PM,2019-05-24 6:15AM,409,60,17,469,111,211,87
5/25/2019,"4,658","26,058",12.28,24,439,348,66,136,"3,383",56,56,0,55,53,53,2019-05-24 10:54PM,2019-05-25 6:25AM,406,45,19,451,75,211,120
5/26/2019,"3,490","14,826",6.78,50,588,229,17,84,"1,950",56,55,-1,53,53,54,2019-05-25 10:34PM,2019-05-26 7:17AM,464,58,23,522,146,178,140
5/27/2019,"4,424","22,404",10.62,25,490,324,44,125,"3,099",55,53,-2,53,54,56,2019-05-26 11:35PM,2019-05-27 7:12AM,393,64,21,457,84,209,100
5/28/2019,"4,522","20,432",9.32,7,436,373,49,118,"3,244",53,53,0,54,56,58,2019-05-27 10:34PM,2019-05-28 6:18AM,418,46,20,464,95,207,116
5/29/2019,"4,579","22,082",10.34,11,926,317,67,130,"3,234",53,54,1,56,58,58,,,,,,,,,
5/30/2019,"5,070","25,443",10.17,43,524,180,51,197,"3,556",54,56,2,58,58,58,2019-05-29 10:45PM,2019-05-30 6:53AM,416,72,26,488,77,217,122
5/31/2019,"4,682","26,091",11.99,20,403,317,53,136,"3,326",56,58,2,58,58,57,2019-05-30 10:22PM,2019-05-31 7:13AM,458,73,25,531,53,271,134
6/1/2019,"4,035","11,883",5.5,13,559,253,60,80,"2,443",58,58,0,58,57,57,2019-05-31 9:48PM,2019-06-01 5:56AM,380,108,23,488,55,248,77
6/2/2019,"2,999","5,466",2.49,8,609,220,7,24,"1,333",58,58,0,57,57,55,2019-06-01 9:43PM,2019-06-02 7:24AM,523,57,31,580,118,276,129
6/3/2019,"3,735","13,664",6.1,22,617,228,44,93,"2,228",58,57,-1,57,55,54,2019-06-02 10:27PM,2019-06-03 6:05AM,404,54,22,458,93,235,76
6/4/2019,"3,453","5,905",2.38,14,612,219,22,66,"1,839",57,57,0,55,54,52,2019-06-03 10:49PM,2019-06-04 7:30AM,469,52,23,521,99,281,89
6/5/2019,"2,839","5,602",2.52,6,"1,171",252,9,8,"1,203",57,55,-2,54,52,51,,,,,,,,,
6/6/2019,"2,895","5,490",2.51,6,646,234,11,10,"1,233",55,54,-1,52,51,50,2019-06-05 9:55PM,2019-06-06 6:54AM,478,61,23,539,122,228,128
6/7/2019,"3,292","7,306",2.93,11,619,266,15,31,"1,672",54,52,-2,51,50,52,2019-06-06 10:54PM,2019-06-07 7:23AM,467,42,28,509,120,217,130
6/8/2019,"2,953","6,358",2.95,4,591,333,0,0,"1,399",52,51,-1,50,52,53,2019-06-07 11:21PM,2019-06-08 7:57AM,435,81,19,516,85,258,92
6/9/2019,"2,795","7,513",3.6,19,753,178,5,33,"1,120",51,50,-1,52,53,54,2019-06-08 11:34PM,2019-06-09 7:25AM,429,42,22,471,73,251,105
6/10/2019,"3,643","10,480",4.72,11,564,299,25,43,"2,103",50,52,2,53,54,55,2019-06-09 10:03PM,2019-06-10 6:32AM,440,69,24,509,95,241,104
6/11/2019,"3,840","13,723",5.9,6,543,228,30,103,"2,276",52,53,1,54,55,54,2019-06-10 9:55PM,2019-06-11 6:51AM,485,51,22,536,140,226,119
6/12/2019,"2,786","5,085",2.36,6,695,210,21,2,"1,076",53,54,1,55,54,56,2019-06-11 10:07PM,2019-06-12 6:39AM,435,77,25,512,64,278,93
6/13/2019,"3,009","8,729",4.05,5,708,209,14,21,"1,313",54,55,1,54,56,56,2019-06-12 10:54PM,2019-06-13 7:02AM,411,77,26,488,37,257,117
6/14/2019,"3,175","8,608",4,12,624,297,20,14,"1,550",55,54,-1,56,56,57,2019-06-13 10:55PM,2019-06-14 7:00AM,424,61,17,485,131,219,74
6/15/2019,"3,157","8,955",4.16,8,614,275,15,19,"1,501",54,56,2,56,57,58,2019-06-14 10:40PM,2019-06-15 7:17AM,462,55,21,517,118,241,103
6/16/2019,"2,598","4,246",1.97,6,694,177,6,5,820,56,56,0,57,58,58,2019-06-15 10:18PM,2019-06-16 7:36AM,490,68,30,558,104,297,89
6/17/2019,"3,598","5,765",2.13,5,671,232,24,66,"1,934",56,57,1,58,58,56,2019-06-16 11:03PM,2019-06-17 6:30AM,389,58,20,447,55,267,67
6/18/2019,"3,312","9,380",4.21,8,596,268,17,20,"1,665",57,58,1,58,56,57,2019-06-17 10:27PM,2019-06-18 7:26AM,471,68,27,539,81,286,104
6/19/2019,"3,586","8,170",3.63,4,595,277,39,47,"2,038",58,58,0,56,57,57,2019-06-18 10:40PM,2019-06-19 6:42AM,421,61,20,482,85,247,89
6/20/2019,"3,134","4,355",1.91,4,748,197,41,31,"1,474",58,56,-2,57,57,56,2019-06-19 11:36PM,2019-06-20 6:39AM,384,39,23,423,78,205,101
6/21/2019,"3,717","7,668",3.43,4,557,225,49,77,"2,170",56,57,1,57,56,55,2019-06-20 11:39PM,2019-06-21 6:47AM,379,49,14,428,85,189,105
6/22/2019,"4,110","16,683",7.62,3,524,292,35,80,"2,571",57,57,0,56,55,56,2019-06-21 10:04PM,2019-06-22 6:34AM,443,66,18,509,92,257,94
6/23/2019,"3,176","9,743",4.48,41,740,127,18,77,"1,481",57,56,-1,55,56,56,2019-06-22 11:33PM,2019-06-23 7:31AM,427,51,17,478,133,165,129
6/24/2019,"3,857","10,457",4.4,5,613,148,63,113,"2,271",56,55,-1,56,56,56,2019-06-23 10:48PM,2019-06-24 7:11AM,446,57,25,503,80,280,86
6/25/2019,"4,063","17,006",7.88,20,517,338,50,73,"2,648",55,56,1,56,56,56,2019-06-24 11:00PM,2019-06-25 6:42AM,419,43,19,462,127,183,109
6/26/2019,"4,189","13,275",5.93,27,567,208,33,128,"2,651",56,56,0,56,56,55,2019-06-25 11:12PM,2019-06-26 7:36AM,439,65,33,504,107,223,109
6/27/2019,"3,646","12,424",5.77,55,596,355,30,21,"2,135",56,56,0,56,55,53,2019-06-26 10:34PM,2019-06-27 5:52AM,374,64,15,438,113,172,89
6/28/2019,"3,449","13,808",5.5,59,613,250,20,62,"1,876",56,56,0,55,53,53,2019-06-27 9:53PM,2019-06-28 6:08AM,443,52,22,495,148,197,98
6/29/2019,"3,529","13,216",6.18,100,659,270,40,30,"1,982",56,55,-1,53,53,53,2019-06-28 11:32PM,2019-06-29 6:53AM,404,37,27,441,96,202,106
6/30/2019,"2,662","7,190",3.24,23,766,153,7,16,940,55,53,-2,53,53,55,2019-06-29 10:02PM,2019-06-30 6:20AM,451,47,20,498,123,250,78
7/1/2019,"2,906","6,568",3.05,3,607,298,11,1,"1,310",53,53,0,53,55,56,2019-06-30 10:34PM,2019-07-01 7:17AM,465,58,23,523,96,258,111
7/2/2019,"2,438","3,516",1.63,1,885,129,0,0,606,53,53,0,55,56,58,2019-07-01 10:04PM,2019-07-02 5:11AM,372,54,23,426,90,189,93
7/3/2019,"2,791","5,371",2.49,5,683,250,6,2,"1,104",53,55,2,56,58,58,2019-07-02 10:50PM,2019-07-03 7:09AM,418,81,23,499,118,233,67
7/4/2019,"3,877","9,933",4.34,5,614,307,11,65,"2,262",55,56,1,58,58,56,2019-07-03 11:06PM,2019-07-04 6:29AM,405,38,17,443,84,218,103
7/5/2019,"3,982","3,982",0.9,10,641,96,38,139,"2,278",56,58,2,58,56,54,2019-07-04 11:44PM,2019-07-05 7:17AM,394,59,17,453,110,214,70
7/6/2019,"3,357","6,953",2.99,4,600,253,54,19,"1,751",58,58,0,56,54,52,2019-07-05 10:45PM,2019-07-06 7:19AM,461,53,19,514,118,247,96
7/7/2019,"2,531","4,586",2.13,11,759,159,4,13,796,58,56,-2,54,52,53,2019-07-06 11:06PM,2019-07-07 7:31AM,452,53,23,505,157,188,107
7/8/2019,"2,300","3,289",1.53,0,787,74,0,18,471,56,54,-2,52,53,54,2019-07-07 10:49PM,2019-07-08 6:41AM,433,38,17,471,123,227,83
7/9/2019,"2,238","2,119",0.98,2,770,95,0,0,385,54,52,-2,53,54,54,2019-07-08 9:44PM,2019-07-09 7:19AM,509,66,21,575,71,354,84
7/10/2019,"2,446","3,340",1.55,0,749,159,0,0,664,52,53,1,54,54,54,2019-07-09 10:26PM,2019-07-10 7:18AM,478,54,23,532,87,351,40
7/11/2019,"2,740","5,884",2.73,0,694,184,7,20,998,53,54,1,54,54,54,2019-07-10 10:20PM,2019-07-11 7:15AM,477,58,30,535,99,268,110
7/12/2019,"2,852","5,039",2.34,4,682,249,0,0,"1,089",54,54,0,54,54,55,2019-07-11 9:54PM,2019-07-12 6:23AM,415,94,21,509,77,262,76
7/13/2019,"3,016","6,370",2.96,11,675,281,4,9,"1,357",54,54,0,54,55,55,2019-07-12 10:46PM,2019-07-13 6:38AM,397,74,23,471,99,225,73
7/14/2019,"2,466","3,565",1.65,6,828,146,0,0,676,54,54,0,55,55,55,2019-07-13 10:08PM,2019-07-14 5:54AM,400,66,16,466,120,209,71
7/15/2019,"2,725","5,131",2.38,1,780,215,0,0,972,54,55,1,55,55,56,2019-07-14 11:14PM,2019-07-15 6:39AM,396,49,23,445,102,189,105
7/16/2019,"3,457","9,535",4.37,14,631,236,23,67,"1,857",55,55,0,55,56,56,2019-07-15 10:21PM,2019-07-16 6:25AM,412,71,21,483,104,216,92
7/17/2019,"3,101","5,744",2.59,5,708,241,22,19,"1,416",55,55,0,56,56,55,2019-07-16 10:19PM,2019-07-17 5:50AM,382,68,24,450,80,195,107
7/18/2019,"3,036","5,574",2.53,4,689,205,19,36,"1,371",55,56,1,56,55,53,2019-07-17 10:45PM,2019-07-18 6:56AM,404,87,15,491,65,232,107
7/19/2019,"2,893","6,561",3.03,2,701,246,3,6,"1,216",56,56,0,55,53,52,2019-07-18 10:17PM,2019-07-19 6:21AM,427,57,16,484,131,199,97
7/20/2019,"3,252","11,865",5.37,27,694,191,24,61,"1,607",56,55,-1,53,52,53,2019-07-19 10:45PM,2019-07-20 6:35AM,415,55,26,470,105,212,98
7/21/2019,"3,138","13,279",6.44,30,700,156,18,72,"1,489",55,53,-2,52,53,54,2019-07-20 9:46PM,2019-07-21 6:00AM,448,46,24,494,104,244,100
7/22/2019,"2,941","7,348",3.38,6,666,214,12,11,"1,168",53,52,-1,53,54,55,2019-07-21 10:14PM,2019-07-22 7:11AM,444,93,20,537,106,232,106
7/23/2019,"3,056","6,861",3.18,3,970,289,10,12,"1,465",52,53,1,54,55,55,2019-07-23 4:14AM,2019-07-23 6:54AM,145,7,2,159,,,
7/24/2019,"3,884","17,237",8.1,28,545,200,50,117,"2,377",53,54,1,55,55,55,2019-07-23 10:16PM,2019-07-24 7:04AM,471,57,26,528,84,246,141
7/25/2019,"3,722","15,232",7.14,1,539,303,27,59,"2,216",54,55,1,55,55,55,2019-07-24 10:37PM,2019-07-25 7:09AM,453,59,23,512,82,284,87
7/26/2019,"3,925","9,763",3.95,3,461,290,31,85,"2,418",55,55,0,55,55,55,2019-07-25 9:58PM,2019-07-26 7:31AM,486,87,29,573,167,209,110
7/27/2019,"3,501","12,316",5.84,12,496,261,57,42,"1,979",55,55,0,55,55,56,,,,,,,,,
7/28/2019,"2,664","7,042",3.4,24,"1,256",144,13,27,940,55,55,0,55,56,55,2019-07-26 9:47PM,2019-07-27 7:31AM,493,91,35,584,38,374,81
7/29/2019,"3,444","10,189",4.4,22,655,198,22,67,"1,767",55,55,0,56,55,55,2019-07-28 11:16PM,2019-07-29 7:34AM,417,81,17,498,131,199,87
7/30/2019,"3,414","13,883",6.77,32,607,188,14,82,"1,770",55,56,1,55,55,55,2019-07-29 11:26PM,2019-07-30 7:13AM,409,58,18,467,68,260,81
7/31/2019,"3,148","5,964",2.68,5,197,243,22,22,"1,522",56,55,-1,55,55,56,2019-07-30 10:37PM,2019-07-31 7:17AM,499,20,1,519,,,
8/1/2019,"3,467","12,722",6.51,29,530,233,19,59,"1,833",55,55,0,55,56,55,2019-07-31 9:51PM,2019-08-01 7:50AM,525,74,27,599,99,347,79
8/2/2019,"3,194","6,382",2.87,1,765,222,32,25,"1,551",55,55,0,56,55,55,2019-08-02 1:02AM,2019-08-02 7:38AM,355,41,23,396,56,234,65
8/3/2019,"3,897","17,374",8.2,23,649,170,28,140,"2,300",55,56,1,55,55,55,2019-08-02 11:31PM,2019-08-03 7:05AM,417,36,22,453,91,233,93
8/4/2019,"2,408","3,200",1.49,5,708,133,3,7,620,56,55,-1,55,55,56,2019-08-03 10:13PM,2019-08-04 8:02AM,512,77,30,589,91,271,150
8/5/2019,"4,374","19,386",8.58,156,402,255,74,107,"2,910",55,55,0,55,56,54,2019-08-04 11:22PM,2019-08-05 7:46AM,419,85,22,504,100,215,104
8/6/2019,"3,502","14,207",5.96,84,595,227,35,49,"1,842",55,55,0,56,54,54,2019-08-05 10:21PM,2019-08-06 7:36AM,488,66,4,554,,,
8/7/2019,"3,520","13,692",6.36,78,565,278,25,40,"1,892",55,56,1,54,54,55,2019-08-06 10:42PM,2019-08-07 7:16AM,474,40,2,514,,,
8/8/2019,"3,162","10,073",4.67,18,702,225,30,25,"1,518",56,54,-2,54,55,55,2019-08-07 10:24PM,2019-08-08 7:38AM,517,37,3,554,,,
8/9/2019,"3,223","13,626",6.43,19,700,101,23,96,"1,547",54,54,0,55,55,56,2019-08-08 10:25PM,2019-08-09 7:06AM,437,83,19,520,77,271,89
8/10/2019,"3,092","11,748",5.6,7,713,133,5,81,"1,350",54,55,1,55,56,56,2019-08-09 10:38PM,2019-08-10 7:06AM,430,78,27,508,89,250,91
8/11/2019,"2,634","4,395",2.04,10,671,197,0,0,863,55,55,0,56,56,55,2019-08-10 10:47PM,2019-08-11 7:15AM,442,65,23,507,90,295,57
8/12/2019,"4,070","21,540",8.96,9,637,194,23,151,"2,540",55,56,1,56,55,53,2019-08-12 12:05AM,2019-08-12 7:20AM,391,44,26,435,87,214,90
8/13/2019,"3,805","20,207",9.65,21,547,182,20,122,"2,216",56,56,0,55,53,54,2019-08-12 9:46PM,2019-08-13 7:15AM,521,48,25,569,128,255,138
8/14/2019,"3,925","21,926",10.31,37,592,251,16,103,"2,391",56,55,-1,53,54,53,2019-08-13 10:32PM,2019-08-14 6:30AM,423,55,25,478,106,201,116
8/15/2019,"3,386","13,164",6.05,6,620,164,21,83,"1,741",55,53,-2,54,53,54,2019-08-14 10:29PM,2019-08-15 7:41AM,476,76,26,552,138,214,124
8/16/2019,"3,362","13,572",6.6,5,749,156,3,89,"1,672",53,54,1,53,54,55,2019-08-16 12:33AM,2019-08-16 7:56AM,385,58,30,443,58,245,82
8/17/2019,"3,201","10,965",5.07,20,614,272,21,34,"1,639",54,53,-1,54,55,55,2019-08-16 10:24PM,2019-08-17 6:43AM,438,61,24,499,101,226,111
8/18/2019,"2,591","4,457",2.07,11,750,164,3,7,803,53,54,1,55,55,56,2019-08-17 10:41PM,2019-08-18 7:18AM,429,87,23,516,60,269,100
8/19/2019,"3,986","17,651",8.38,20,520,220,38,118,"2,471",54,55,1,55,56,57,2019-08-18 10:50PM,2019-08-19 6:55AM,438,47,28,485,84,275,79
8/20/2019,"3,320","15,337",7.07,17,760,157,14,91,"1,689",55,55,0,56,57,58,2019-08-19 11:01PM,2019-08-20 6:58AM,439,35,0,477,,,
8/21/2019,"3,324","11,745",5.8,9,694,159,2,70,"1,554",55,56,1,57,58,60,2019-08-20 11:44PM,2019-08-21 8:20AM,433,82,20,515,64,276,93
8/22/2019,"3,603","10,632",5.14,6,611,174,27,96,"1,995",56,57,1,58,60,57,2019-08-21 10:55PM,2019-08-22 7:47AM,467,65,27,532,130,244,93
8/23/2019,"3,876","15,249",8.33,12,698,168,23,127,"2,257",57,58,1,60,57,56,2019-08-22 11:45PM,2019-08-23 6:50AM,379,45,17,424,87,219,73
8/24/2019,"4,381","20,642",11.69,7,509,167,52,155,"2,868",58,60,2,57,56,56,2019-08-23 9:59PM,2019-08-24 7:16AM,492,65,25,557,155,204,133
8/25/2019,"2,514","4,356",2.02,14,680,188,0,0,806,60,57,-3,56,56,55,2019-08-24 10:10PM,2019-08-25 7:42AM,501,71,29,572,120,250,131
8/26/2019,"4,004","19,685",10.74,10,610,210,30,118,"2,498",57,56,-1,56,55,56,2019-08-25 11:40PM,2019-08-26 7:33AM,406,66,25,472,62,264,80
8/27/2019,"3,019","10,443",4.82,22,717,136,12,75,"1,348",56,56,0,55,56,56,2019-08-26 10:53PM,2019-08-27 7:14AM,403,97,15,500,83,234,86
8/28/2019,"4,465","14,265",8.15,8,527,173,41,167,"2,962",56,55,-1,56,56,56,2019-08-27 10:14PM,2019-08-28 7:06AM,474,58,31,532,107,238,129
8/29/2019,"3,311","8,944",4.15,34,589,266,49,22,"1,708",55,56,1,56,56,57,2019-08-28 10:31PM,2019-08-29 7:05AM,464,50,27,514,127,213,124
8/30/2019,"3,079","8,601",3.83,26,623,198,15,44,"1,411",56,56,0,56,57,55,2019-08-29 9:47PM,2019-08-30 7:07AM,499,61,28,560,130,265,104
8/31/2019,"3,376","10,992",5.09,15,509,285,24,40,"1,815",56,56,0,57,55,53,2019-08-30 9:26PM,2019-08-31 7:08AM,490,92,35,582,160,223,107
9/1/2019,"2,408","2,804",1.3,1,732,151,0,0,600,56,57,1,55,53,52,2019-08-31 10:00PM,2019-09-01 7:17AM,487,70,24,557,128,274,85
9/2/2019,"3,169","9,247",4.29,17,552,296,24,9,"1,597",57,55,-2,53,52,52,2019-09-01 10:09PM,2019-09-02 7:28AM,509,50,32,559,135,273,101
9/3/2019,"2,744","5,331",2.47,8,710,146,29,21,"1,016",55,53,-2,52,52,54,2019-09-02 11:32PM,2019-09-03 6:51AM,380,59,24,439,103,182,95
9/4/2019,"2,739","5,566",2.58,5,653,195,19,12,"1,052",53,52,-1,52,54,54,2019-09-03 9:41PM,2019-09-04 7:03AM,488,73,24,561,58,346,84
9/5/2019,"3,310","12,790",6.09,25,631,150,12,86,"1,632",52,52,0,54,54,54,2019-09-04 9:56PM,2019-09-05 7:17AM,489,72,25,561,54,338,97
9/6/2019,"4,425","6,768",2.7,4,538,199,85,115,"2,928",52,54,2,54,54,53,2019-09-05 10:15PM,2019-09-06 6:38AM,440,63,30,503,78,268,94
9/7/2019,"3,026","7,410",3.44,1,605,278,21,9,"1,444",54,54,0,54,53,52,2019-09-06 10:12PM,2019-09-07 6:59AM,481,46,34,527,111,294,76
9/8/2019,"2,564","4,915",2.28,9,668,176,2,8,848,54,54,0,53,52,53,2019-09-07 9:42PM,2019-09-08 7:28AM,519,67,36,586,117,278,124
9/9/2019,"3,202","12,518",5.96,25,639,143,19,88,"1,561",54,53,-1,52,53,54,2019-09-08 10:13PM,2019-09-09 7:24AM,488,63,27,551,87,284,117
9/10/2019,"3,903","13,712",6.88,24,544,178,22,115,"2,300",53,52,-1,53,54,53,2019-09-09 10:09PM,2019-09-10 7:50AM,495,86,26,581,110,272,113
9/11/2019,"2,854","6,613",3.07,7,668,202,12,8,"1,117",52,53,1,54,53,52,2019-09-10 11:03PM,2019-09-11 8:13AM,489,61,23,550,149,240,100
9/12/2019,"4,668","4,093",1.16,4,622,186,41,144,"3,109",53,54,1,53,52,51,2019-09-12 12:08AM,2019-09-12 7:35AM,404,43,16,447,140,155,109
9/13/2019,"3,309","10,976",5.11,33,565,210,32,62,"1,726",54,53,-1,52,51,51,2019-09-12 9:36PM,2019-09-13 7:07AM,501,70,28,571,127,271,103
9/14/2019,"2,656","4,226",1.96,4,812,226,0,0,931,53,52,-1,51,51,52,2019-09-14 1:24AM,2019-09-14 8:06AM,356,46,15,402,107,180,69
9/15/2019,"2,404","3,603",1.67,6,760,138,2,8,640,52,51,-1,51,52,54,2019-09-14 10:33PM,2019-09-15 7:25AM,476,56,28,532,96,277,103
9/16/2019,"3,335","11,903",6,37,616,204,5,64,"1,641",51,51,0,52,54,54,2019-09-15 10:14PM,2019-09-16 7:25AM,448,103,32,551,46,310,92
9/17/2019,"3,189","10,465",5.02,28,680,228,17,47,"1,576",51,52,1,54,54,54,2019-09-16 11:35PM,2019-09-17 7:23AM,404,64,21,468,95,221,88
9/18/2019,"5,089","4,457",1.69,8,545,133,44,196,"3,548",52,54,2,54,54,54,2019-09-17 10:34PM,2019-09-18 7:16AM,460,62,26,522,69,278,113
9/19/2019,"3,819","12,827",6.03,132,443,300,34,33,"2,201",54,54,0,54,54,54,2019-09-18 9:24PM,2019-09-19 7:54AM,533,97,34,630,113,313,107
9/20/2019,"2,257","2,025",0.94,2,905,115,0,0,433,54,54,0,54,54,55,2019-09-20 2:21AM,2019-09-20 7:27AM,276,30,16,306,30,185,61
9/21/2019,"2,598","3,800",1.76,6,741,190,0,0,844,54,54,0,54,55,56,2019-09-20 11:06PM,2019-09-21 7:35AM,446,63,19,509,110,230,106
9/22/2019,"2,398","2,673",1.24,2,773,129,10,4,612,54,54,0,55,56,59,2019-09-21 11:00PM,2019-09-22 7:44AM,458,66,26,524,122,239,97
9/23/2019,"3,674","11,317",5.25,4,597,153,43,114,"2,060",54,55,1,56,59,58,2019-09-22 10:02PM,2019-09-23 6:55AM,455,78,22,533,138,285,32
9/24/2019,"3,454","6,718",2.89,3,595,161,26,87,"1,759",55,56,1,59,58,56,2019-09-23 10:08PM,2019-09-24 7:39AM,495,76,29,571,68,315,112
9/25/2019,"5,254","4,291",1.53,6,607,152,23,204,"3,661",56,59,3,58,56,55,2019-09-24 10:59PM,2019-09-25 6:33AM,410,44,24,454,78,226,106
9/26/2019,"3,192","8,037",3.45,7,592,208,19,44,"1,533",59,58,-1,56,55,53,2019-09-25 9:04PM,2019-09-26 8:16AM,515,157,24,552,58,238,74
9/27/2019,"2,506","3,386",1.57,5,661,166,0,0,743,58,56,-2,55,53,52,2019-09-26 9:18PM,2019-09-27 7:32AM,494,119,28,613,151,237,106
9/28/2019,"2,976","4,331",1.91,3,588,229,21,26,"1,349",56,55,-1,53,52,53,2019-09-27 10:12PM,2019-09-28 7:48AM,485,91,20,576,136,226,123
9/29/2019,"2,438","3,778",1.75,8,709,136,5,5,664,55,53,-2,52,53,53,2019-09-28 10:14PM,2019-09-29 7:59AM,532,53,23,585,167,269,96
9/30/2019,"3,200","12,825",5.92,17,598,192,9,76,"1,584",53,52,-1,53,53,55,2019-09-29 9:56PM,2019-09-30 7:21AM,482,83,29,565,74,329,79
10/1/2019,"3,223","12,982",6.14,4,680,147,18,83,"1,537",52,53,1,53,55,56,2019-09-30 11:23PM,2019-10-01 7:56AM,457,55,23,512,99,268,90
10/2/2019,"3,169","10,807",6.91,4,756,106,1,69,"1,405",53,53,0,55,56,56,2019-10-02 12:02AM,2019-10-02 8:30AM,459,49,29,508,170,173,116
10/3/2019,"3,612","12,344",7.11,2,594,191,21,80,"1,937",53,55,2,56,56,54,2019-10-02 10:32PM,2019-10-03 7:46AM,493,61,21,554,96,285,112
10/4/2019,"5,121","4,788",1.2,15,514,158,30,235,"3,638",55,56,1,56,54,52,2019-10-03 11:11PM,2019-10-04 7:34AM,437,66,28,503,109,233,95
10/5/2019,"2,525","3,574",1.66,0,715,170,6,8,760,56,56,0,54,52,52,2019-10-04 10:19PM,2019-10-05 7:20AM,475,66,30,541,57,328,90
10/6/2019,"2,425","4,044",1.82,10,719,136,9,11,660,56,54,-2,52,52,53,2019-10-05 10:09PM,2019-10-06 7:34AM,495,70,22,565,75,319,101
10/7/2019,"3,181","10,605",4.87,2,597,206,8,53,"1,548",54,52,-2,52,53,54,2019-10-06 9:57PM,2019-10-07 7:33AM,481,95,22,576,102,266,113
10/8/2019,"3,335","12,019",7.21,5,615,145,9,74,"1,623",52,52,0,53,54,55,2019-10-07 9:33PM,2019-10-08 7:30AM,517,80,25,597,120,277,120
10/9/2019,"2,576","3,239",1.5,5,665,170,6,4,803,52,53,1,54,55,55,2019-10-08 9:56PM,2019-10-09 7:51AM,481,114,35,595,86,292,103
10/10/2019,"3,093","8,289",3.82,2,628,156,16,64,"1,406",53,54,1,55,55,54,2019-10-09 10:46PM,2019-10-10 8:22AM,502,74,20,576,87,295,120
10/11/2019,"4,396","3,121",1.17,8,497,138,18,176,"2,785",54,55,1,55,54,54,2019-10-10 9:36PM,2019-10-11 7:48AM,548,63,30,611,138,287,123
10/12/2019,"3,249","10,132",4.68,6,610,259,18,41,"1,673",55,55,0,54,54,53,2019-10-11 10:03PM,2019-10-12 6:35AM,426,86,21,512,159,163,104
10/13/2019,"2,492","3,680",1.71,9,727,133,7,14,698,55,54,-1,54,53,55,2019-10-12 10:29PM,2019-10-13 7:49AM,476,83,22,559,121,243,112
10/14/2019,"3,481","12,896",8.08,1,660,138,24,85,"1,824",54,54,0,53,55,55,2019-10-13 10:24PM,2019-10-14 7:18AM,476,57,23,533,145,212,119
10/15/2019,"2,940","6,943",2.79,11,624,206,18,27,"1,280",54,53,-1,55,55,54,2019-10-14 10:37PM,2019-10-15 8:02AM,482,83,29,565,65,304,113
10/16/2019,"3,513","12,482",7.89,14,692,152,9,87,"1,807",53,55,2,55,54,54,2019-10-15 10:57PM,2019-10-16 7:17AM,432,68,22,500,87,274,71
10/17/2019,"2,629","4,664",2.16,5,681,195,0,0,855,55,55,0,54,54,53,2019-10-16 10:53PM,2019-10-17 8:17AM,501,63,27,564,119,283,99
10/18/2019,"2,863","6,821",3.17,6,655,230,20,6,"1,210",55,54,-1,54,53,54,2019-10-17 11:15PM,2019-10-18 8:04AM,455,74,26,529,118,245,92
10/19/2019,"3,317","10,652",4.91,8,706,174,24,83,"1,700",54,54,0,53,54,55,2019-10-18 11:07PM,2019-10-19 6:40AM,394,59,25,453,76,234,84
10/20/2019,"2,379","2,260",1.05,6,692,155,0,0,591,54,53,-1,54,55,55,2019-10-19 10:51PM,2019-10-20 8:44AM,537,56,28,593,119,295,123
10/21/2019,"3,436","12,443",5.2,24,730,208,8,79,"1,805",53,54,1,55,55,56,2019-10-21 1:11AM,2019-10-21 8:07AM,371,44,20,415,95,181,95
10/22/2019,"3,356","7,662",2.86,5,710,183,14,68,"1,660",54,55,1,55,56,56,2019-10-22 12:15AM,2019-10-22 8:00AM,397,68,16,465,77,230,90
10/23/2019,"2,946","4,582",1.63,1,740,121,13,51,"1,161",55,55,0,56,56,56,2019-10-22 11:54PM,2019-10-23 8:29AM,449,66,24,515,107,276,66
10/24/2019,"3,593","11,058",5.74,8,548,202,24,81,"1,882",55,56,1,56,56,54,2019-10-23 10:19PM,2019-10-24 8:04AM,517,68,29,585,118,269,130
10/25/2019,"3,208","11,314",6.14,8,674,198,2,52,"1,513",56,56,0,56,54,54,2019-10-25 12:00AM,2019-10-25 8:34AM,446,68,26,514,94,255,97
10/26/2019,"3,583","13,389",7.72,5,770,180,18,81,"1,930",56,56,0,54,54,54,2019-10-26 12:55AM,2019-10-26 7:26AM,345,46,20,391,87,167,91
10/27/2019,"2,646","4,364",2.03,9,778,151,32,10,921,56,54,-2,54,54,54,2019-10-26 11:52PM,2019-10-27 7:42AM,424,45,19,469,150,151,123
10/28/2019,"3,527","13,226",7.56,11,524,214,14,72,"1,911",54,54,0,54,54,54,2019-10-27 10:09PM,2019-10-28 8:25AM,521,95,20,616,112,290,119
10/29/2019,"4,084","17,208",8.81,4,548,208,51,121,"2,586",54,54,0,54,54,54,2019-10-28 11:45PM,2019-10-29 8:17AM,454,58,21,512,130,210,114
10/30/2019,"3,833","12,750",6.57,12,622,201,34,94,"2,255",54,54,0,54,54,53,2019-10-29 11:14PM,2019-10-30 7:23AM,429,60,16,489,110,234,85
10/31/2019,"3,811","16,851",9.99,6,619,142,41,105,"2,204",54,54,0,54,53,53,2019-10-30 11:11PM,2019-10-31 8:04AM,476,57,26,533,109,266,101
11/1/2019,"3,335","10,181",4.7,6,614,217,21,58,"1,667",54,54,0,53,53,54,2019-10-31 11:05PM,2019-11-01 7:55AM,467,63,26,530,106,276,85
11/2/2019,"2,742","6,464",2.94,15,654,182,14,25,"1,041",54,53,-1,53,54,53,2019-11-01 10:55PM,2019-11-02 8:20AM,494,71,27,565,133,276,85
11/3/2019,"2,773","5,028",2.33,12,756,203,7,7,"1,004",53,53,0,54,53,53,2019-11-02 10:48PM,2019-11-03 6:35AM,413,54,21,467,96,211,106
11/4/2019,"4,335","13,887",8.1,1,571,190,68,122,"2,804",53,54,1,53,53,54,2019-11-03 10:38PM,2019-11-04 6:48AM,429,60,23,489,103,233,93
11/5/2019,"3,023","8,638",4.04,6,645,211,9,45,"1,353",54,53,-1,53,54,53,2019-11-04 10:07PM,2019-11-05 6:57AM,473,57,20,530,145,219,109
11/6/2019,"3,206","8,918",4.14,15,702,205,21,44,"1,485",53,53,0,54,53,53,2019-11-05 11:11PM,2019-11-06 6:59AM,416,52,19,468,92,227,97
11/7/2019,"2,821","7,750",2.73,14,660,181,7,38,"1,129",53,54,1,53,53,52,2019-11-06 10:30PM,2019-11-07 7:44AM,481,73,21,554,108,277,96
11/8/2019,"2,736","7,784",3.93,0,720,134,1,44,998,54,53,-1,53,52,51,2019-11-07 9:51PM,2019-11-08 6:52AM,472,69,20,541,126,193,153
11/9/2019,"3,019","7,625",3.47,19,703,202,18,29,"1,349",53,53,0,52,51,52,2019-11-08 11:00PM,2019-11-09 7:08AM,426,62,21,488,73,263,90
11/10/2019,"2,629","4,530",2.1,12,671,178,1,8,851,53,52,-1,51,52,53,2019-11-09 9:49PM,2019-11-10 7:31AM,531,51,27,582,112,340,79
11/11/2019,"2,759","4,335",2.01,4,697,206,18,3,"1,007",52,51,-1,52,53,54,2019-11-10 10:25PM,2019-11-11 7:02AM,450,66,26,516,92,288,70
11/12/2019,"3,035","5,253",2.44,7,676,218,38,14,"1,333",51,52,1,53,54,55,2019-11-11 11:32PM,2019-11-12 7:46AM,447,47,19,494,106,245,96
11/13/2019,"2,591","2,384",1.11,6,739,180,0,0,719,52,53,1,54,55,55,2019-11-12 11:26PM,2019-11-13 8:07AM,463,58,23,521,94,274,95
11/14/2019,"3,543","12,965",6.99,22,637,163,12,85,"1,866",53,54,1,55,55,54,2019-11-13 11:26PM,2019-11-14 8:29AM,484,59,30,543,113,259,112
11/15/2019,"3,712","12,255",6.91,2,611,233,21,69,"2,100",54,55,1,55,54,54,2019-11-14 11:38PM,2019-11-15 8:04AM,445,61,20,506,95,262,88
11/16/2019,"2,828","7,078",3.29,15,636,181,10,31,"1,120",55,55,0,54,54,53,2019-11-15 10:37PM,2019-11-16 8:19AM,520,62,28,582,133,280,107
11/17/2019,"2,933","7,005",3.25,11,767,203,10,31,"1,228",55,54,-1,54,53,54,2019-11-17 12:42AM,2019-11-17 7:51AM,395,34,18,429,103,180,112
11/18/2019,"3,039","6,973",3.24,16,747,162,27,56,"1,382",54,54,0,53,54,54,2019-11-18 12:00AM,2019-11-18 7:28AM,400,48,13,448,108,204,88
11/19/2019,"2,688","3,707",1.72,12,746,93,14,37,851,54,53,-1,54,54,55,2019-11-18 10:07PM,2019-11-19 7:17AM,455,95,20,550,78,281,96
11/20/2019,"2,580","4,414",2.05,9,650,173,9,8,831,53,54,1,54,55,54,2019-11-19 10:46PM,2019-11-20 7:17AM,463,48,22,511,102,257,104
11/21/2019,"2,484","3,289",1.53,9,806,166,4,6,738,54,54,0,55,54,54,2019-11-20 8:21PM,2019-11-21 7:02AM,479,162,19,641,84,212,96
11/22/2019,"2,666","3,988",1.85,9,677,208,0,0,897,54,55,1,54,54,53,2019-11-21 10:23PM,2019-11-22 7:38AM,471,84,20,555,143,194,134
11/23/2019,"2,928","8,665",4.02,26,656,211,7,27,"1,265",55,54,-1,54,53,54,2019-11-22 10:49PM,2019-11-23 7:48AM,493,46,26,539,96,276,121
11/24/2019,"2,671","4,496",2.09,12,675,187,10,12,930,54,54,0,53,54,55,2019-11-23 10:35PM,2019-11-24 7:51AM,475,81,31,556,159,232,84
11/25/2019,"3,058","7,699",3.57,17,621,208,14,34,"1,413",54,53,-1,54,55,57,2019-11-24 10:26PM,2019-11-25 7:50AM,516,47,26,563,118,311,87
11/26/2019,"2,731","4,790",2.22,4,664,169,10,16,975,53,54,1,55,57,57,2019-11-25 10:04PM,2019-11-26 7:45AM,514,67,25,581,149,239,126
11/27/2019,"3,050","6,254",2.9,12,661,224,19,25,"1,381",54,55,1,57,57,57,2019-11-26 11:20PM,2019-11-27 7:51AM,464,47,20,511,147,196,121
11/28/2019,"3,098","6,169",2.86,4,701,191,70,8,"1,434",55,57,2,57,57,57,2019-11-27 11:57PM,2019-11-28 7:47AM,409,61,20,470,88,223,98
11/29/2019,"3,230","11,386",5.25,3,567,241,14,63,"1,658",57,57,0,57,57,57,2019-11-28 10:33PM,2019-11-29 7:49AM,493,62,25,555,102,294,97
11/30/2019,"3,509","11,764",5.43,4,675,197,17,88,"1,873",57,57,0,57,57,57,2019-11-29 11:27PM,2019-11-30 7:10AM,422,41,15,463,110,201,111
12/1/2019,"2,693","5,752",2.66,14,719,211,0,0,980,57,57,0,57,57,57,2019-11-30 11:16PM,2019-12-01 7:46AM,461,49,20,510,108,232,121
12/2/2019,"3,346","13,050",6.41,5,675,183,5,79,"1,625",57,57,0,57,57,57,2019-12-01 10:29PM,2019-12-02 6:47AM,454,44,19,498,126,208,120
12/3/2019,"3,322","12,576",5.75,4,652,191,6,71,"1,608",57,57,0,57,57,56,2019-12-02 11:02PM,2019-12-03 7:43AM,449,71,19,520,73,275,101
12/4/2019,"3,279","13,046",6.5,5,666,152,7,82,"1,557",57,57,0,57,56,55,2019-12-03 10:45PM,2019-12-04 7:38AM,489,44,23,533,153,223,113
12/5/2019,"3,209","12,577",5.76,6,671,185,6,73,"1,522",57,57,0,56,55,54,2019-12-04 11:01PM,2019-12-05 7:26AM,453,52,15,505,128,243,82
12/6/2019,"2,453","2,852",1.32,3,752,174,0,0,648,57,56,-1,55,54,55,2019-12-05 10:46PM,2019-12-06 7:20AM,455,59,18,514,107,201,147
12/7/2019,"2,993","7,213",3.35,2,654,318,11,1,"1,401",56,55,-1,54,55,55,2019-12-06 11:22PM,2019-12-07 6:58AM,408,48,15,456,95,228,85
12/8/2019,"2,741","6,610",3.07,13,683,201,9,4,"1,024",55,54,-1,55,55,56,2019-12-07 11:00PM,2019-12-08 8:03AM,474,69,28,543,125,225,124
12/9/2019,"3,529","13,426",7.24,6,589,208,6,80,"1,836",54,55,1,55,56,55,2019-12-08 10:22PM,2019-12-09 7:39AM,507,50,24,557,115,246,146
12/10/2019,"2,719","4,711",2.18,8,679,214,0,0,948,55,55,0,56,55,55,2019-12-09 10:26PM,2019-12-10 7:34AM,497,50,20,547,130,231,136
12/11/2019,"3,478","13,279",6.11,5,591,228,6,73,"1,789",55,56,1,55,55,54,2019-12-10 10:11PM,2019-12-11 7:14AM,474,68,27,542,110,255,109
12/12/2019,"3,482","15,110",6.92,5,586,213,58,59,"1,865",56,55,-1,55,54,53,2019-12-11 11:09PM,2019-12-12 7:54AM,468,56,22,524,100,258,110
12/13/2019,"3,586","15,461",7.47,4,519,207,18,102,"1,987",55,55,0,54,53,53,2019-12-12 10:09PM,2019-12-13 8:03AM,498,96,28,594,97,265,136
12/14/2019,"2,848","5,836",2.71,3,589,295,0,0,"1,219",55,54,-1,53,53,55,2019-12-13 11:18PM,2019-12-14 8:34AM,475,81,21,556,71,284,120
12/15/2019,"2,593","4,479",2.08,11,737,175,5,12,840,54,53,-1,53,55,55,2019-12-14 11:19PM,2019-12-15 7:50AM,457,54,19,511,120,245,92
12/16/2019,"3,945","20,032",9.18,6,519,199,9,142,"2,333",53,53,0,55,55,55,2019-12-15 10:01PM,2019-12-16 7:32AM,507,64,23,571,100,284,123
12/17/2019,"3,580","13,975",6.43,2,626,194,3,92,"1,863",53,55,2,55,55,56,2019-12-16 10:59PM,2019-12-17 7:44AM,473,52,26,525,98,251,124
12/18/2019,"3,365","12,874",5.94,5,637,204,12,74,"1,646",55,55,0,55,56,56,2019-12-17 10:38PM,2019-12-18 7:12AM,447,66,24,513,79,279,89
12/19/2019,"3,217","12,565",5.81,6,623,198,26,52,"1,531",55,55,0,56,56,56,2019-12-18 11:13PM,2019-12-19 8:14AM,485,56,25,541,122,244,119
12/20/2019,"2,888","6,384",2.9,6,693,224,6,5,"1,117",55,56,1,56,56,57,2019-12-19 11:11PM,2019-12-20 7:43AM,436,76,21,512,111,225,100
12/21/2019,"2,857","6,709",3.11,8,"1,212",190,18,20,"1,122",56,56,0,56,57,58,,,,,,,,,
12/22/2019,"2,621","4,241",1.97,8,692,206,0,0,869,56,56,0,57,58,56,2019-12-21 10:40PM,2019-12-22 7:42AM,482,60,24,542,114,274,94
12/23/2019,"2,961","9,253",4.27,4,667,178,1,50,"1,217",56,57,1,58,56,57,2019-12-22 10:31PM,2019-12-23 7:35AM,485,59,24,544,99,250,136
12/24/2019,"3,373","13,364",6.16,4,655,259,4,72,"1,771",57,58,1,56,57,57,2019-12-24 12:27AM,2019-12-24 7:57AM,391,59,19,450,65,209,117
12/25/2019,"3,448","13,313",6.14,6,585,312,3,74,"1,930",58,56,-2,57,57,57,2019-12-24 10:41PM,2019-12-25 6:27AM,426,40,17,466,102,238,86
12/26/2019,"3,691","15,632",7.28,12,622,162,20,120,"2,063",56,57,1,57,57,58,2019-12-26 12:05AM,2019-12-26 8:42AM,463,53,20,516,117,219,127
12/27/2019,"3,505","14,650",6.62,4,573,233,3,87,"1,866",57,57,0,57,58,58,2019-12-26 11:14PM,2019-12-27 8:18AM,473,71,31,544,73,287,113
12/28/2019,"2,783","5,093",2.36,5,672,257,0,0,"1,099",57,57,0,58,58,59,2019-12-27 11:44PM,2019-12-28 8:15AM,453,58,25,511,94,263,96
12/29/2019,"2,715","5,350",2.48,6,746,204,3,4,937,57,58,1,58,59,59,2019-12-29 12:06AM,2019-12-29 8:09AM,431,52,23,483,82,232,117
12/30/2019,"2,801","4,814",2.25,1,669,209,4,14,"1,089",58,58,0,59,59,58,2019-12-29 11:30PM,2019-12-30 8:34AM,477,67,29,544,77,275,125
12/31/2019,"3,118","9,640",4.45,5,639,238,2,52,"1,431",58,59,1,59,58,58,2019-12-31 12:32AM,2019-12-31 9:02AM,442,67,32,509,67,237,138
1/1/2020,"2,947","5,171",2.4,10,651,224,20,14,"1,216",59,59,0,58,58,57,2020-01-01 11:38PM,2020-01-02 8:51AM,461,92,33,553,62,322,77
1/2/2020,"2,767","5,469",2.54,1,669,191,19,8,"1,022",59,58,-1,58,57,57,2020-01-01 12:36AM,2020-01-01 9:27AM,461,70,28,531,69,282,110
1/3/2020,"3,494","12,937",5.97,4,575,256,3,75,"1,879",58,58,0,57,57,56,2020-01-02 11:39PM,2020-01-03 8:30AM,479,52,28,531,131,210,138
1/4/2020,"3,583","13,773",6.84,3,582,290,3,67,"2,027",58,57,-1,57,56,57,2020-01-04 10:51PM,2020-01-05 8:52AM,536,65,20,601,87,334,115
1/5/2020,"3,002","10,033",4.63,12,615,157,9,58,"1,283",57,57,0,56,57,57,2020-01-04 12:58AM,2020-01-04 9:17AM,458,40,21,498,87,267,104
1/6/2020,"3,389","13,843",7.23,6,644,127,7,94,"1,637",57,56,-1,57,57,57,2020-01-05 10:18PM,2020-01-06 7:47AM,508,60,25,568,119,282,107
1/7/2020,"3,499","15,024",6.92,6,657,161,4,105,"1,782",56,57,1,57,57,56,2020-01-06 11:09PM,2020-01-07 7:42AM,445,68,18,513,108,186,151
1/8/2020,"3,221","12,955",5.96,11,612,175,3,83,"1,537",57,57,0,57,56,56,2020-01-07 10:57PM,2020-01-08 8:24AM,502,65,25,567,66,324,112
1/9/2020,"3,286","13,246",6.1,5,646,160,5,90,"1,543",57,57,0,56,56,56,2020-01-08 11:19PM,2020-01-09 8:18AM,470,69,25,539,82,267,121
1/10/2020,"3,238","13,005",5.99,6,616,163,5,89,"1,538",57,56,-1,56,56,56,2020-01-09 11:01PM,2020-01-10 8:28AM,512,55,23,567,136,266,110
1/11/2020,"3,165","12,836",5.88,12,658,129,11,92,"1,464",56,56,0,56,56,57,2020-01-10 11:17PM,2020-01-11 8:28AM,495,55,22,550,129,257,109
1/12/2020,"3,331","14,046",6.48,10,581,181,20,87,"1,709",56,56,0,56,57,56,2020-01-11 10:55PM,2020-01-12 8:27AM,494,77,28,571,136,222,136
1/13/2020,"3,790","15,399",9.15,7,606,165,10,97,"2,098",56,56,0,57,56,57,2020-01-12 10:23PM,2020-01-13 7:45AM,489,73,24,562,97,291,101
1/14/2020,"3,508","13,427",7.28,4,596,187,4,82,"1,815",56,57,1,56,57,56,2020-01-13 10:37PM,2020-01-14 8:08AM,492,79,23,571,108,255,129
1/15/2020,"3,466","14,295",7.26,5,625,178,7,91,"1,763",57,56,-1,57,56,54,2020-01-14 11:08PM,2020-01-15 8:07AM,477,62,18,539,112,270,95
1/16/2020,"3,495","13,409",7.84,8,669,134,8,88,"1,734",56,57,1,56,54,53,2020-01-15 10:52PM,2020-01-16 7:53AM,470,71,20,541,143,216,111
1/17/2020,"3,397","14,188",6.54,4,581,262,6,71,"1,835",57,56,-1,54,53,53,2020-01-16 11:05PM,2020-01-17 7:45AM,462,58,23,520,58,311,93
1/18/2020,"3,354","13,055",6.03,8,548,301,10,53,"1,822",56,54,-2,53,53,53,2020-01-17 10:50PM,2020-01-18 7:39AM,463,65,20,528,124,242,97
1/19/2020,"2,889","9,358",4.32,9,669,182,6,49,"1,225",54,53,-1,53,53,53,2020-01-18 10:51PM,2020-01-19 7:45AM,461,73,20,534,125,236,100
1/20/2020,"2,796","5,146",2.39,9,580,263,0,0,"1,101",53,53,0,53,53,54,2020-01-19 10:25PM,2020-01-20 8:22AM,525,72,20,597,138,243,144
1/21/2020,"3,332","13,136",6.06,7,618,194,1,78,"1,670",53,53,0,53,54,54,2020-01-20 10:57PM,2020-01-21 8:06AM,481,68,23,549,131,242,108
1/22/2020,"3,269","13,249",6.1,5,680,149,23,76,"1,537",53,53,0,54,54,53,2020-01-21 11:05PM,2020-01-22 7:38AM,469,43,24,512,91,266,112
1/23/2020,"3,262","13,065",6.01,5,647,160,3,95,"1,556",53,54,1,54,53,53,2020-01-22 10:41PM,2020-01-23 7:37AM,475,60,25,535,120,240,115
1/24/2020,"3,207","13,262",6.12,6,649,184,2,77,"1,550",54,54,0,53,53,54,2020-01-23 11:22PM,2020-01-24 8:10AM,456,72,21,528,77,293,86
1/25/2020,"3,295","14,548",6.71,3,574,230,3,78,"1,726",54,53,-1,53,54,55,2020-01-25 10:49PM,2020-01-26 7:11AM,451,50,21,501,115,238,98
1/26/2020,"3,071","10,306",4.7,5,677,209,3,50,"1,417",53,53,0,54,55,55,2020-01-25 12:03AM,2020-01-25 9:18AM,495,60,24,555,114,273,108
1/27/2020,"3,342","13,361",6.16,8,617,160,2,83,"1,610",53,54,1,55,55,56,2020-01-26 10:30PM,2020-01-27 8:08AM,512,66,26,578,85,338,89
1/28/2020,"3,014","9,791",4.52,9,652,162,2,61,"1,246",54,55,1,55,56,57,2020-01-27 10:34PM,2020-01-28 7:57AM,490,73,18,563,118,269,103
1/29/2020,"3,266","13,184",6.07,8,684,146,2,89,"1,513",55,55,0,56,57,56,2020-01-28 11:22PM,2020-01-29 8:01AM,442,77,24,519,94,236,112
1/30/2020,"2,553","2,858",1.33,5,735,167,0,0,669,55,56,1,57,56,54,2020-01-29 10:51PM,2020-01-30 7:49AM,504,34,22,538,110,286,108
1/31/2020,"2,996","9,322",4.3,6,722,181,1,49,"1,247",56,57,1,56,54,53,2020-01-31 12:09AM,2020-01-31 8:16AM,424,63,27,487,35,312,77
